コード,銘柄名,市場・商品区分,33業種区分,17業種区分
1301.T,極洋,東証プライム,水産・農林業,食品
1332.T,ニッスイ,東証プライム,水産・農林業,食品
1333.T,マルハニチロ,東証プライム,水産・農林業,食品
1375.T,ユキグニファクトリー,東証プライム,水産・農林業,食品
1377.T,サカタのタネ,東証プライム,水産・農林業,食品
1379.T,ホクト,東証プライム,水産・農林業,食品
1414.T,ショーボンドホールディングス,東証プライム,建設業,建設・資材
1417.T,ミライト・ワン,東証プライム,建設業,建設・資材
1419.T,タマホーム,東証プライム,建設業,建設・資材
1429.T,日本アクア,東証プライム,建設業,建設・資材
1433.T,ベステラ,東証プライム,建設業,建設・資材
1515.T,日鉄鉱業,東証プライム,鉱業,エネルギー資源
1518.T,三井松島ホールディングス,東証プライム,その他製品,情報通信・サービスその他
1605.T,ＩＮＰＥＸ,東証プライム,鉱業,エネルギー資源
1662.T,石油資源開発,東証プライム,鉱業,エネルギー資源
1663.T,Ｋ＆Ｏエナジーグループ,東証プライム,鉱業,エネルギー資源
167A.T,リョーサン菱洋ホールディングス,東証プライム,卸売業,商社・卸売
1719.T,安藤・間,東証プライム,建設業,建設・資材
1720.T,東急建設,東証プライム,建設業,建設・資材
1721.T,コムシスホールディングス,東証プライム,建設業,建設・資材
1726.T,ビーアールホールディングス,東証プライム,建設業,建設・資材
1762.T,高松コンストラクショングループ,東証プライム,建設業,建設・資材
1766.T,東建コーポレーション,東証プライム,建設業,建設・資材
1780.T,ヤマウラ,東証プライム,建設業,建設・資材
1786.T,オリエンタル白石,東証プライム,建設業,建設・資材
1801.T,大成建設,東証プライム,建設業,建設・資材
1802.T,大林組,東証プライム,建設業,建設・資材
1803.T,清水建設,東証プライム,建設業,建設・資材
1808.T,長谷工コーポレーション,東証プライム,建設業,建設・資材
1812.T,鹿島建設,東証プライム,建設業,建設・資材
1813.T,不動テトラ,東証プライム,建設業,建設・資材
1814.T,大末建設,東証プライム,建設業,建設・資材
1815.T,鉄建建設,東証プライム,建設業,建設・資材
1820.T,西松建設,東証プライム,建設業,建設・資材
1821.T,三井住友建設,東証プライム,建設業,建設・資材
1833.T,奥村組,東証プライム,建設業,建設・資材
1835.T,東鉄工業,東証プライム,建設業,建設・資材
1852.T,淺沼組,東証プライム,建設業,建設・資材
1860.T,戸田建設,東証プライム,建設業,建設・資材
1861.T,熊谷組,東証プライム,建設業,建設・資材
1870.T,矢作建設工業,東証プライム,建設業,建設・資材
1871.T,ピーエス・コンストラクション,東証プライム,建設業,建設・資材
1873.T,日本ハウスホールディングス,東証プライム,建設業,建設・資材
1878.T,大東建託,東証プライム,不動産業,不動産
1879.T,新日本建設,東証プライム,建設業,建設・資材
1882.T,東亜道路工業,東証プライム,建設業,建設・資材
1885.T,東亜建設工業,東証プライム,建設業,建設・資材
1887.T,日本国土開発,東証プライム,建設業,建設・資材
1888.T,若築建設,東証プライム,建設業,建設・資材
1890.T,東洋建設,東証プライム,建設業,建設・資材
1893.T,五洋建設,東証プライム,建設業,建設・資材
1898.T,世紀東急工業,東証プライム,建設業,建設・資材
1899.T,福田組,東証プライム,建設業,建設・資材
1911.T,住友林業,東証プライム,建設業,建設・資材
1925.T,大和ハウス工業,東証プライム,建設業,建設・資材
1926.T,ライト工業,東証プライム,建設業,建設・資材
1928.T,積水ハウス,東証プライム,建設業,建設・資材
1929.T,日特建設,東証プライム,建設業,建設・資材
1930.T,北陸電気工事,東証プライム,建設業,建設・資材
1934.T,ユアテック,東証プライム,建設業,建設・資材
1938.T,日本リーテック,東証プライム,建設業,建設・資材
1939.T,四電工,東証プライム,建設業,建設・資材
1941.T,中電工,東証プライム,建設業,建設・資材
1942.T,関電工,東証プライム,建設業,建設・資材
1944.T,きんでん,東証プライム,建設業,建設・資材
1945.T,東京エネシス,東証プライム,建設業,建設・資材
1946.T,トーエネック,東証プライム,建設業,建設・資材
1949.T,住友電設,東証プライム,建設業,建設・資材
1950.T,日本電設工業,東証プライム,建設業,建設・資材
1951.T,エクシオグループ,東証プライム,建設業,建設・資材
1952.T,新日本空調,東証プライム,建設業,建設・資材
1959.T,クラフティア,東証プライム,建設業,建設・資材
1961.T,三機工業,東証プライム,建設業,建設・資材
1963.T,日揮ホールディングス,東証プライム,建設業,建設・資材
1964.T,中外炉工業,東証プライム,建設業,建設・資材
1968.T,太平電業,東証プライム,建設業,建設・資材
1969.T,高砂熱学工業,東証プライム,建設業,建設・資材
1975.T,朝日工業社,東証プライム,建設業,建設・資材
1976.T,明星工業,東証プライム,建設業,建設・資材
1979.T,大氣社,東証プライム,建設業,建設・資材
1980.T,ダイダン,東証プライム,建設業,建設・資材
1982.T,日比谷総合設備,東証プライム,建設業,建設・資材
2001.T,ニップン,東証プライム,食料品,食品
2002.T,日清製粉グループ本社,東証プライム,食料品,食品
2004.T,昭和産業,東証プライム,食料品,食品
2053.T,中部飼料,東証プライム,食料品,食品
2060.T,フィード・ワン,東証プライム,食料品,食品
2108.T,日本甜菜製糖,東証プライム,食料品,食品
2109.T,ＤＭ三井製糖,東証プライム,食料品,食品
2117.T,ウェルネオシュガー,東証プライム,食料品,食品
2120.T,ＬＩＦＵＬＬ,東証プライム,サービス業,情報通信・サービスその他
2121.T,ＭＩＸＩ,東証プライム,情報・通信業,情報通信・サービスその他
2124.T,ジェイエイシーリクルートメント,東証プライム,サービス業,情報通信・サービスその他
2127.T,日本Ｍ＆Ａセンターホールディングス,東証プライム,サービス業,情報通信・サービスその他
212A.T,フィットイージー,東証プライム,サービス業,情報通信・サービスその他
2130.T,メンバーズ,東証プライム,サービス業,情報通信・サービスその他
2146.T,ＵＴグループ,東証プライム,サービス業,情報通信・サービスその他
2148.T,アイティメディア,東証プライム,サービス業,情報通信・サービスその他
2150.T,ケアネット,東証プライム,サービス業,情報通信・サービスその他
2153.T,Ｅ・Ｊホールディングス,東証プライム,サービス業,情報通信・サービスその他
2154.T,オープンアップグループ,東証プライム,サービス業,情報通信・サービスその他
2157.T,コシダカホールディングス,東証プライム,サービス業,情報通信・サービスその他
2163.T,アルトナー,東証プライム,サービス業,情報通信・サービスその他
2168.T,パソナグループ,東証プライム,サービス業,情報通信・サービスその他
2170.T,リンクアンドモチベーション,東証プライム,サービス業,情報通信・サービスその他
2175.T,エス・エム・エス,東証プライム,サービス業,情報通信・サービスその他
2181.T,パーソルホールディングス,東証プライム,サービス業,情報通信・サービスその他
2198.T,アイ・ケイ・ケイホールディングス,東証プライム,サービス業,情報通信・サービスその他
2201.T,森永製菓,東証プライム,食料品,食品
2206.T,江崎グリコ,東証プライム,食料品,食品
2207.T,ｍｅｉｔｏ,東証プライム,食料品,食品
2209.T,井村屋グループ,東証プライム,食料品,食品
2211.T,不二家,東証プライム,食料品,食品
2212.T,山崎製パン,東証プライム,食料品,食品
2217.T,モロゾフ,東証プライム,食料品,食品
2220.T,亀田製菓,東証プライム,食料品,食品
2222.T,寿スピリッツ,東証プライム,食料品,食品
2229.T,カルビー,東証プライム,食料品,食品
2264.T,森永乳業,東証プライム,食料品,食品
2266.T,六甲バター,東証プライム,食料品,食品
2267.T,ヤクルト本社,東証プライム,食料品,食品
2269.T,明治ホールディングス,東証プライム,食料品,食品
2270.T,雪印メグミルク,東証プライム,食料品,食品
2281.T,プリマハム,東証プライム,食料品,食品
2282.T,日本ハム,東証プライム,食料品,食品
2288.T,丸大食品,東証プライム,食料品,食品
2292.T,Ｓ　Ｆｏｏｄｓ,東証プライム,食料品,食品
2294.T,柿安本店,東証プライム,食料品,食品
2296.T,伊藤ハム米久ホールディングス,東証プライム,食料品,食品
2301.T,学情,東証プライム,サービス業,情報通信・サービスその他
2307.T,クロスキャット,東証プライム,情報・通信業,情報通信・サービスその他
2317.T,システナ,東証プライム,情報・通信業,情報通信・サービスその他
2325.T,ＮＪＳ,東証プライム,サービス業,情報通信・サービスその他
2326.T,デジタルアーツ,東証プライム,情報・通信業,情報通信・サービスその他
2327.T,日鉄ソリューションズ,東証プライム,情報・通信業,情報通信・サービスその他
2331.T,ＡＬＳＯＫ,東証プライム,サービス業,情報通信・サービスその他
2335.T,キューブシステム,東証プライム,情報・通信業,情報通信・サービスその他
2337.T,いちご,東証プライム,不動産業,不動産
2353.T,日本駐車場開発,東証プライム,不動産業,不動産
2359.T,コア,東証プライム,情報・通信業,情報通信・サービスその他
2371.T,カカクコム,東証プライム,サービス業,情報通信・サービスその他
2374.T,セントケア・ホールディング,東証プライム,サービス業,情報通信・サービスその他
2378.T,ルネサンス,東証プライム,サービス業,情報通信・サービスその他
2379.T,ディップ,東証プライム,サービス業,情報通信・サービスその他
2384.T,ＳＢＳホールディングス,東証プライム,陸運業,運輸・物流
2389.T,デジタルホールディングス,東証プライム,サービス業,情報通信・サービスその他
2395.T,新日本科学,東証プライム,サービス業,情報通信・サービスその他
2410.T,キャリアデザインセンター,東証プライム,サービス業,情報通信・サービスその他
2413.T,エムスリー,東証プライム,サービス業,情報通信・サービスその他
2429.T,ワールドホールディングス,東証プライム,サービス業,情報通信・サービスその他
2432.T,ディー・エヌ・エー,東証プライム,情報・通信業,情報通信・サービスその他
2433.T,博報堂ＤＹホールディングス,東証プライム,サービス業,情報通信・サービスその他
2440.T,ぐるなび,東証プライム,サービス業,情報通信・サービスその他
2445.T,タカミヤ,東証プライム,サービス業,情報通信・サービスその他
2461.T,ファンコミュニケーションズ,東証プライム,サービス業,情報通信・サービスその他
2462.T,ライク,東証プライム,サービス業,情報通信・サービスその他
2471.T,エスプール,東証プライム,サービス業,情報通信・サービスその他
2475.T,ＷＤＢホールディングス,東証プライム,サービス業,情報通信・サービスその他
2489.T,アドウェイズ,東証プライム,サービス業,情報通信・サービスその他
2491.T,バリューコマース,東証プライム,サービス業,情報通信・サービスその他
2492.T,インフォマート,東証プライム,サービス業,情報通信・サービスその他
2501.T,サッポロホールディングス,東証プライム,食料品,食品
2502.T,アサヒグループホールディングス,東証プライム,食料品,食品
2503.T,キリンホールディングス,東証プライム,食料品,食品
2531.T,宝ホールディングス,東証プライム,食料品,食品
2533.T,オエノンホールディングス,東証プライム,食料品,食品
2540.T,養命酒製造,東証プライム,食料品,食品
256A.T,飛島ホールディングス,東証プライム,建設業,建設・資材
2579.T,コカ・コーラ　ボトラーズジャパンホールディングス,東証プライム,食料品,食品
2585.T,ライフドリンク　カンパニー,東証プライム,食料品,食品
2587.T,サントリー食品インターナショナル,東証プライム,食料品,食品
2590.T,ダイドーグループホールディングス,東証プライム,食料品,食品
2593.T,伊藤園,東証プライム,食料品,食品
25935.T,伊藤園第１種優先株式,東証プライム,食料品,食品
2594.T,キーコーヒー,東証プライム,食料品,食品
2602.T,日清オイリオグループ,東証プライム,食料品,食品
2607.T,不二製油,東証プライム,食料品,食品
2613.T,Ｊ－オイルミルズ,東証プライム,食料品,食品
262A.T,インターメスティック,東証プライム,小売業,小売
2659.T,サンエー,東証プライム,小売業,小売
2664.T,カワチ薬品,東証プライム,小売業,小売
2670.T,エービーシー・マート,東証プライム,小売業,小売
2674.T,ハードオフコーポレーション,東証プライム,小売業,小売
2676.T,高千穂交易,東証プライム,卸売業,商社・卸売
2678.T,アスクル,東証プライム,小売業,小売
2681.T,ゲオホールディングス,東証プライム,小売業,小売
2685.T,アンドエスティＨＤ,東証プライム,小売業,小売
268A.T,リガク・ホールディングス,東証プライム,精密機器,電機・精密
2692.T,伊藤忠食品,東証プライム,卸売業,商社・卸売
2695.T,くら寿司,東証プライム,小売業,小売
2726.T,パルグループホールディングス,東証プライム,小売業,小売
2730.T,エディオン,東証プライム,小売業,小売
2733.T,あらた,東証プライム,卸売業,商社・卸売
2734.T,サーラコーポレーション,東証プライム,小売業,小売
2737.T,トーメンデバイス,東証プライム,卸売業,商社・卸売
2742.T,ハローズ,東証プライム,小売業,小売
2749.T,ＪＰホールディングス,東証プライム,サービス業,情報通信・サービスその他
2752.T,フジオフードグループ本社,東証プライム,小売業,小売
2753.T,あみやき亭,東証プライム,小売業,小売
2760.T,東京エレクトロン　デバイス,東証プライム,卸売業,商社・卸売
2767.T,円谷フィールズホールディングス,東証プライム,卸売業,商社・卸売
2768.T,双日,東証プライム,卸売業,商社・卸売
2784.T,アルフレッサ　ホールディングス,東証プライム,卸売業,商社・卸売
2791.T,大黒天物産,東証プライム,小売業,小売
2792.T,ハニーズホールディングス,東証プライム,小売業,小売
2801.T,キッコーマン,東証プライム,食料品,食品
2802.T,味の素,東証プライム,食料品,食品
2804.T,ブルドックソース,東証プライム,食料品,食品
2809.T,キユーピー,東証プライム,食料品,食品
2810.T,ハウス食品グループ本社,東証プライム,食料品,食品
2811.T,カゴメ,東証プライム,食料品,食品
2815.T,アリアケジャパン,東証プライム,食料品,食品
285A.T,キオクシアホールディングス,東証プライム,電気機器,電機・精密
2871.T,ニチレイ,東証プライム,食料品,食品
2874.T,横浜冷凍,東証プライム,卸売業,商社・卸売
2875.T,東洋水産,東証プライム,食料品,食品
2882.T,イートアンドホールディングス,東証プライム,食料品,食品
2884.T,ヨシムラ・フード・ホールディングス,東証プライム,食料品,食品
2897.T,日清食品ホールディングス,東証プライム,食料品,食品
2908.T,フジッコ,東証プライム,食料品,食品
2910.T,ロック・フィールド,東証プライム,食料品,食品
2914.T,日本たばこ産業,東証プライム,食料品,食品
2915.T,ケンコーマヨネーズ,東証プライム,食料品,食品
2918.T,わらべや日洋ホールディングス,東証プライム,食料品,食品
2922.T,なとり,東証プライム,食料品,食品
2929.T,ファーマフーズ,東証プライム,食料品,食品
2930.T,北の達人コーポレーション,東証プライム,化学,素材・化学
2931.T,ユーグレナ,東証プライム,食料品,食品
2933.T,紀文食品,東証プライム,食料品,食品
2935.T,ピックルスホールディングス,東証プライム,食料品,食品
2975.T,スター・マイカ・ホールディングス,東証プライム,不動産業,不動産
2980.T,ＳＲＥホールディングス,東証プライム,不動産業,不動産
2982.T,ＡＤワークスグループ,東証プライム,不動産業,不動産
3002.T,グンゼ,東証プライム,繊維製品,素材・化学
3003.T,ヒューリック,東証プライム,不動産業,不動産
3028.T,アルペン,東証プライム,小売業,小売
3031.T,ラクーンホールディングス,東証プライム,情報・通信業,情報通信・サービスその他
3034.T,クオールホールディングス,東証プライム,小売業,小売
3036.T,アルコニックス,東証プライム,卸売業,商社・卸売
3038.T,神戸物産,東証プライム,卸売業,商社・卸売
3040.T,ソリトンシステムズ,東証プライム,情報・通信業,情報通信・サービスその他
3046.T,ジンズホールディングス,東証プライム,小売業,小売
3048.T,ビックカメラ,東証プライム,小売業,小売
3050.T,ＤＣＭホールディングス,東証プライム,小売業,小売
3064.T,ＭｏｎｏｔａＲＯ,東証プライム,小売業,小売
3073.T,ＤＤグループ,東証プライム,小売業,小売
3076.T,あい　ホールディングス,東証プライム,卸売業,商社・卸売
3086.T,Ｊ．フロント　リテイリング,東証プライム,小売業,小売
3087.T,ドトール・日レスホールディングス,東証プライム,小売業,小売
3088.T,マツキヨココカラ＆カンパニー,東証プライム,小売業,小売
3091.T,ブロンコビリー,東証プライム,小売業,小売
3092.T,ＺＯＺＯ,東証プライム,小売業,小売
3093.T,トレジャー・ファクトリー,東証プライム,小売業,小売
3097.T,物語コーポレーション,東証プライム,小売業,小売
3099.T,三越伊勢丹ホールディングス,東証プライム,小売業,小売
3101.T,東洋紡,東証プライム,化学,素材・化学
3103.T,ユニチカ,東証プライム,繊維製品,素材・化学
3104.T,富士紡ホールディングス,東証プライム,繊維製品,素材・化学
3105.T,日清紡ホールディングス,東証プライム,電気機器,電機・精密
3106.T,倉敷紡績,東証プライム,繊維製品,素材・化学
3107.T,ダイワボウホールディングス,東証プライム,卸売業,商社・卸売
3109.T,シキボウ,東証プライム,繊維製品,素材・化学
3110.T,日東紡績,東証プライム,ガラス・土石製品,建設・資材
3116.T,トヨタ紡織,東証プライム,輸送用機器,自動車・輸送機
3132.T,マクニカホールディングス,東証プライム,卸売業,商社・卸売
3135.T,マーケットエンタープライズ,東証プライム,小売業,小売
3139.T,ラクト・ジャパン,東証プライム,卸売業,商社・卸売
3141.T,ウエルシアホールディングス,東証プライム,小売業,小売
3148.T,クリエイトＳＤホールディングス,東証プライム,小売業,小売
3150.T,グリムス,東証プライム,電気・ガス業,電力・ガス
3151.T,バイタルケーエスケー・ホールディングス,東証プライム,卸売業,商社・卸売
3153.T,八洲電機,東証プライム,卸売業,商社・卸売
3154.T,メディアスホールディングス,東証プライム,卸売業,商社・卸売
3156.T,レスター,東証プライム,卸売業,商社・卸売
3167.T,ＴＯＫＡＩホールディングス,東証プライム,卸売業,商社・卸売
3176.T,三洋貿易,東証プライム,卸売業,商社・卸売
3179.T,シュッピン,東証プライム,小売業,小売
3180.T,ビューティガレージ,東証プライム,卸売業,商社・卸売
3182.T,オイシックス・ラ・大地,東証プライム,小売業,小売
3183.T,ウイン・パートナーズ,東証プライム,卸売業,商社・卸売
3186.T,ネクステージ,東証プライム,小売業,小売
3191.T,ジョイフル本田,東証プライム,小売業,小売
3193.T,エターナルホスピタリティグループ,東証プライム,小売業,小売
3196.T,ホットランドホールディングス,東証プライム,小売業,小売
3197.T,すかいらーくホールディングス,東証プライム,小売業,小売
3198.T,ＳＦＰホールディングス,東証プライム,小売業,小売
3199.T,綿半ホールディングス,東証プライム,小売業,小売
3201.T,日本毛織,東証プライム,繊維製品,素材・化学
3221.T,ヨシックスホールディングス,東証プライム,小売業,小売
3231.T,野村不動産ホールディングス,東証プライム,不動産業,不動産
3232.T,三重交通グループホールディングス,東証プライム,不動産業,不動産
3245.T,ディア・ライフ,東証プライム,不動産業,不動産
3252.T,地主,東証プライム,不動産業,不動産
3276.T,ＪＰＭＣ,東証プライム,不動産業,不動産
3284.T,フージャースホールディングス,東証プライム,不動産業,不動産
3288.T,オープンハウスグループ,東証プライム,不動産業,不動産
3289.T,東急不動産ホールディングス,東証プライム,不動産業,不動産
3291.T,飯田グループホールディングス,東証プライム,不動産業,不動産
3302.T,帝国繊維,東証プライム,繊維製品,素材・化学
3315.T,日本コークス工業,東証プライム,石油・石炭製品,エネルギー資源
3333.T,あさひ,東証プライム,小売業,小売
3341.T,日本調剤,東証プライム,小売業,小売
3349.T,コスモス薬品,東証プライム,小売業,小売
3360.T,シップヘルスケアホールディングス,東証プライム,卸売業,商社・卸売
3371.T,ソフトクリエイトホールディングス,東証プライム,情報・通信業,情報通信・サービスその他
3382.T,セブン＆アイ・ホールディングス,東証プライム,小売業,小売
3387.T,クリエイト・レストランツ・ホールディングス,東証プライム,小売業,小売
3388.T,明治電機工業,東証プライム,卸売業,商社・卸売
3391.T,ツルハホールディングス,東証プライム,小売業,小売
3393.T,スターティアホールディングス,東証プライム,卸売業,商社・卸売
3395.T,サンマルクホールディングス,東証プライム,小売業,小売
3397.T,トリドールホールディングス,東証プライム,小売業,小売
3401.T,帝人,東証プライム,繊維製品,素材・化学
3402.T,東レ,東証プライム,繊維製品,素材・化学
3405.T,クラレ,東証プライム,化学,素材・化学
3407.T,旭化成,東証プライム,化学,素材・化学
3415.T,ＴＯＫＹＯ　ＢＡＳＥ,東証プライム,小売業,小売
3431.T,宮地エンジニアリンググループ,東証プライム,金属製品,建設・資材
3433.T,トーカロ,東証プライム,金属製品,建設・資材
3436.T,ＳＵＭＣＯ,東証プライム,金属製品,建設・資材
3443.T,川田テクノロジーズ,東証プライム,金属製品,建設・資材
3445.T,ＲＳ　Ｔｅｃｈｎｏｌｏｇｉｅｓ,東証プライム,金属製品,建設・資材
3457.T,Ａｎｄ　Ｄｏホールディングス,東証プライム,不動産業,不動産
3465.T,ケイアイスター不動産,東証プライム,不動産業,不動産
3475.T,グッドコムアセット,東証プライム,不動産業,不動産
3480.T,ジェイ・エス・ビー,東証プライム,不動産業,不動産
3482.T,ロードスターキャピタル,東証プライム,不動産業,不動産
3484.T,イノベーションホールディングス,東証プライム,不動産業,不動産
3486.T,グローバル・リンク・マネジメント,東証プライム,不動産業,不動産
3496.T,アズーム,東証プライム,不動産業,不動産
3498.T,霞ヶ関キャピタル,東証プライム,不動産業,不動産
3501.T,ＳＵＭＩＮＯＥ,東証プライム,繊維製品,素材・化学
3539.T,ＪＭホールディングス,東証プライム,小売業,小売
3543.T,コメダホールディングス,東証プライム,卸売業,商社・卸売
3546.T,アレンザホールディングス,東証プライム,小売業,小売
3548.T,バロックジャパンリミテッド,東証プライム,小売業,小売
3549.T,クスリのアオキホールディングス,東証プライム,小売業,小売
3561.T,力の源ホールディングス,東証プライム,小売業,小売
3563.T,ＦＯＯＤ　＆　ＬＩＦＥ　ＣＯＭＰＡＮＩＥＳ,東証プライム,小売業,小売
3569.T,セーレン,東証プライム,繊維製品,素材・化学
3580.T,小松マテーレ,東証プライム,繊維製品,素材・化学
3591.T,ワコールホールディングス,東証プライム,繊維製品,素材・化学
3593.T,ホギメディカル,東証プライム,繊維製品,素材・化学
3608.T,ＴＳＩホールディングス,東証プライム,繊維製品,素材・化学
3612.T,ワールド,東証プライム,繊維製品,素材・化学
3626.T,ＴＩＳ,東証プライム,情報・通信業,情報通信・サービスその他
3632.T,グリーホールディングス,東証プライム,情報・通信業,情報通信・サービスその他
3635.T,コーエーテクモホールディングス,東証プライム,情報・通信業,情報通信・サービスその他
3636.T,三菱総合研究所,東証プライム,情報・通信業,情報通信・サービスその他
3649.T,ファインデックス,東証プライム,情報・通信業,情報通信・サービスその他
3655.T,ブレインパッド,東証プライム,情報・通信業,情報通信・サービスその他
3656.T,ＫＬａｂ,東証プライム,情報・通信業,情報通信・サービスその他
3657.T,ポールトゥウィンホールディングス,東証プライム,情報・通信業,情報通信・サービスその他
3659.T,ネクソン,東証プライム,情報・通信業,情報通信・サービスその他
3660.T,アイスタイル,東証プライム,情報・通信業,情報通信・サービスその他
3661.T,エムアップホールディングス,東証プライム,情報・通信業,情報通信・サービスその他
3662.T,エイチームホールディングス,東証プライム,情報・通信業,情報通信・サービスその他
3663.T,セルシス,東証プライム,情報・通信業,情報通信・サービスその他
3665.T,エニグモ,東証プライム,情報・通信業,情報通信・サービスその他
3668.T,コロプラ,東証プライム,情報・通信業,情報通信・サービスその他
3673.T,ブロードリーフ,東証プライム,情報・通信業,情報通信・サービスその他
3675.T,クロス・マーケティンググループ,東証プライム,情報・通信業,情報通信・サービスその他
3676.T,デジタルハーツホールディングス,東証プライム,情報・通信業,情報通信・サービスその他
3678.T,メディアドゥ,東証プライム,情報・通信業,情報通信・サービスその他
3679.T,じげん,東証プライム,情報・通信業,情報通信・サービスその他
3681.T,ブイキューブ,東証プライム,情報・通信業,情報通信・サービスその他
3687.T,フィックスターズ,東証プライム,情報・通信業,情報通信・サービスその他
3688.T,ＣＡＲＴＡ　ＨＯＬＤＩＮＧＳ,東証プライム,情報・通信業,情報通信・サービスその他
368A.T,北里コーポレーション,東証プライム,精密機器,電機・精密
3694.T,オプティム,東証プライム,情報・通信業,情報通信・サービスその他
3696.T,セレス,東証プライム,情報・通信業,情報通信・サービスその他
3697.T,ＳＨＩＦＴ,東証プライム,情報・通信業,情報通信・サービスその他
3708.T,特種東海製紙,東証プライム,パルプ・紙,素材・化学
3741.T,セック,東証プライム,情報・通信業,情報通信・サービスその他
3762.T,テクマトリックス,東証プライム,情報・通信業,情報通信・サービスその他
3763.T,プロシップ,東証プライム,情報・通信業,情報通信・サービスその他
3765.T,ガンホー・オンライン・エンターテイメント,東証プライム,情報・通信業,情報通信・サービスその他
3769.T,ＧＭＯペイメントゲートウェイ,東証プライム,情報・通信業,情報通信・サービスその他
3771.T,システムリサーチ,東証プライム,情報・通信業,情報通信・サービスその他
3774.T,インターネットイニシアティブ,東証プライム,情報・通信業,情報通信・サービスその他
3778.T,さくらインターネット,東証プライム,情報・通信業,情報通信・サービスその他
3788.T,ＧＭＯグローバルサイン・ホールディングス,東証プライム,情報・通信業,情報通信・サービスその他
3817.T,ＳＲＡホールディングス,東証プライム,情報・通信業,情報通信・サービスその他
3834.T,朝日ネット,東証プライム,情報・通信業,情報通信・サービスその他
3835.T,ｅＢＡＳＥ,東証プライム,情報・通信業,情報通信・サービスその他
3836.T,アバントグループ,東証プライム,情報・通信業,情報通信・サービスその他
3837.T,アドソル日進,東証プライム,情報・通信業,情報通信・サービスその他
3843.T,フリービット,東証プライム,情報・通信業,情報通信・サービスその他
3844.T,コムチュア,東証プライム,情報・通信業,情報通信・サービスその他
3853.T,アステリア,東証プライム,情報・通信業,情報通信・サービスその他
3854.T,アイル,東証プライム,情報・通信業,情報通信・サービスその他
3861.T,王子ホールディングス,東証プライム,パルプ・紙,素材・化学
3863.T,日本製紙,東証プライム,パルプ・紙,素材・化学
3864.T,三菱製紙,東証プライム,パルプ・紙,素材・化学
3865.T,北越コーポレーション,東証プライム,パルプ・紙,素材・化学
3877.T,中越パルプ工業,東証プライム,パルプ・紙,素材・化学
3880.T,大王製紙,東証プライム,パルプ・紙,素材・化学
3901.T,マークラインズ,東証プライム,情報・通信業,情報通信・サービスその他
3902.T,メディカル・データ・ビジョン,東証プライム,情報・通信業,情報通信・サービスその他
3903.T,ｇｕｍｉ,東証プライム,情報・通信業,情報通信・サービスその他
3915.T,テラスカイ,東証プライム,情報・通信業,情報通信・サービスその他
3916.T,デジタル・インフォメーション・テクノロジー,東証プライム,情報・通信業,情報通信・サービスその他
3921.T,ネオジャパン,東証プライム,情報・通信業,情報通信・サービスその他
3922.T,ＰＲ　ＴＩＭＥＳ,東証プライム,情報・通信業,情報通信・サービスその他
3923.T,ラクス,東証プライム,情報・通信業,情報通信・サービスその他
3924.T,ランドコンピュータ,東証プライム,情報・通信業,情報通信・サービスその他
3925.T,ダブルスタンダード,東証プライム,情報・通信業,情報通信・サービスその他
3926.T,オープンドア,東証プライム,情報・通信業,情報通信・サービスその他
3932.T,アカツキ,東証プライム,情報・通信業,情報通信・サービスその他
3937.T,Ｕｂｉｃｏｍホールディングス,東証プライム,情報・通信業,情報通信・サービスその他
3939.T,カナミックネットワーク,東証プライム,情報・通信業,情報通信・サービスその他
3941.T,レンゴー,東証プライム,パルプ・紙,素材・化学
3946.T,トーモク,東証プライム,パルプ・紙,素材・化学
3950.T,ザ・パック,東証プライム,パルプ・紙,素材・化学
3962.T,チェンジホールディングス,東証プライム,情報・通信業,情報通信・サービスその他
3963.T,シンクロ・フード,東証プライム,情報・通信業,情報通信・サービスその他
3964.T,オークネット,東証プライム,情報・通信業,情報通信・サービスその他
3968.T,セグエグループ,東証プライム,情報・通信業,情報通信・サービスその他
3983.T,オロ,東証プライム,情報・通信業,情報通信・サービスその他
3984.T,ユーザーローカル,東証プライム,情報・通信業,情報通信・サービスその他
3992.T,ニーズウェル,東証プライム,情報・通信業,情報通信・サービスその他
3993.T,ＰＫＳＨＡ　Ｔｅｃｈｎｏｌｏｇｙ,東証プライム,情報・通信業,情報通信・サービスその他
3994.T,マネーフォワード,東証プライム,情報・通信業,情報通信・サービスその他
4004.T,レゾナック・ホールディングス,東証プライム,化学,素材・化学
4005.T,住友化学,東証プライム,化学,素材・化学
4008.T,住友精化,東証プライム,化学,素材・化学
4021.T,日産化学,東証プライム,化学,素材・化学
4022.T,ラサ工業,東証プライム,化学,素材・化学
4023.T,クレハ,東証プライム,化学,素材・化学
4025.T,多木化学,東証プライム,化学,素材・化学
4027.T,テイカ,東証プライム,化学,素材・化学
4028.T,石原産業,東証プライム,化学,素材・化学
4041.T,日本曹達,東証プライム,化学,素材・化学
4042.T,東ソー,東証プライム,化学,素材・化学
4043.T,トクヤマ,東証プライム,化学,素材・化学
4044.T,セントラル硝子,東証プライム,化学,素材・化学
4045.T,東亞合成,東証プライム,化学,素材・化学
4046.T,大阪ソーダ,東証プライム,化学,素材・化学
4047.T,関東電化工業,東証プライム,化学,素材・化学
4051.T,ＧＭＯフィナンシャルゲート,東証プライム,情報・通信業,情報通信・サービスその他
4053.T,Ｓｕｎ　Ａｓｔｅｒｉｓｋ,東証プライム,情報・通信業,情報通信・サービスその他
4061.T,デンカ,東証プライム,化学,素材・化学
4062.T,イビデン,東証プライム,電気機器,電機・精密
4063.T,信越化学工業,東証プライム,化学,素材・化学
4064.T,日本カーバイド工業,東証プライム,化学,素材・化学
4071.T,プラスアルファ・コンサルティング,東証プライム,情報・通信業,情報通信・サービスその他
4072.T,電算システムホールディングス,東証プライム,情報・通信業,情報通信・サービスその他
4078.T,堺化学工業,東証プライム,化学,素材・化学
4082.T,第一稀元素化学工業,東証プライム,化学,素材・化学
4088.T,エア・ウォーター,東証プライム,化学,素材・化学
4091.T,日本酸素ホールディングス,東証プライム,化学,素材・化学
4092.T,日本化学工業,東証プライム,化学,素材・化学
4093.T,東邦アセチレン,東証プライム,化学,素材・化学
4095.T,日本パーカライジング,東証プライム,化学,素材・化学
4097.T,高圧ガス工業,東証プライム,化学,素材・化学
4099.T,四国化成ホールディングス,東証プライム,化学,素材・化学
409A.T,オリオンビール,東証プライム,食料品,食品
4109.T,ステラ　ケミファ,東証プライム,化学,素材・化学
4112.T,保土谷化学工業,東証プライム,化学,素材・化学
4114.T,日本触媒,東証プライム,化学,素材・化学
4116.T,大日精化工業,東証プライム,化学,素材・化学
4118.T,カネカ,東証プライム,化学,素材・化学
4151.T,協和キリン,東証プライム,医薬品,医薬品
417A.T,ブルーゾーンホールディングス,東証プライム,小売業,小売
4180.T,Ａｐｐｉｅｒ　Ｇｒｏｕｐ,東証プライム,情報・通信業,情報通信・サービスその他
4182.T,三菱瓦斯化学,東証プライム,化学,素材・化学
4183.T,三井化学,東証プライム,化学,素材・化学
4186.T,東京応化工業,東証プライム,化学,素材・化学
4187.T,大阪有機化学工業,東証プライム,化学,素材・化学
4188.T,三菱ケミカルグループ,東証プライム,化学,素材・化学
4189.T,ＫＨネオケム,東証プライム,化学,素材・化学
4194.T,ビジョナル,東証プライム,情報・通信業,情報通信・サービスその他
4202.T,ダイセル,東証プライム,化学,素材・化学
4203.T,住友ベークライト,東証プライム,化学,素材・化学
4204.T,積水化学工業,東証プライム,化学,素材・化学
4205.T,日本ゼオン,東証プライム,化学,素材・化学
4206.T,アイカ工業,東証プライム,化学,素材・化学
4208.T,ＵＢＥ,東証プライム,化学,素材・化学
4212.T,積水樹脂,東証プライム,化学,素材・化学
4216.T,旭有機材,東証プライム,化学,素材・化学
4218.T,ニチバン,東証プライム,化学,素材・化学
4220.T,リケンテクノス,東証プライム,化学,素材・化学
4221.T,大倉工業,東証プライム,化学,素材・化学
4228.T,積水化成品工業,東証プライム,化学,素材・化学
4229.T,群栄化学工業,東証プライム,化学,素材・化学
4246.T,ダイキョーニシカワ,東証プライム,化学,素材・化学
4249.T,森六,東証プライム,化学,素材・化学
4251.T,恵和,東証プライム,化学,素材・化学
4272.T,日本化薬,東証プライム,化学,素材・化学
4275.T,カーリット,東証プライム,化学,素材・化学
4290.T,プレステージ・インターナショナル,東証プライム,サービス業,情報通信・サービスその他
429A.T,テクセンドフォトマスク,東証プライム,その他製品,情報通信・サービスその他
4301.T,アミューズ,東証プライム,サービス業,情報通信・サービスその他
4307.T,野村総合研究所,東証プライム,情報・通信業,情報通信・サービスその他
4310.T,ドリームインキュベータ,東証プライム,サービス業,情報通信・サービスその他
4318.T,クイック,東証プライム,サービス業,情報通信・サービスその他
4323.T,日本システム技術,東証プライム,情報・通信業,情報通信・サービスその他
4324.T,電通グループ,東証プライム,サービス業,情報通信・サービスその他
4326.T,インテージホールディングス,東証プライム,情報・通信業,情報通信・サービスその他
4331.T,テイクアンドギヴ・ニーズ,東証プライム,サービス業,情報通信・サービスその他
4333.T,東邦システムサイエンス,東証プライム,情報・通信業,情報通信・サービスその他
4337.T,ぴあ,東証プライム,サービス業,情報通信・サービスその他
4343.T,イオンファンタジー,東証プライム,サービス業,情報通信・サービスその他
4344.T,ソースネクスト,東証プライム,情報・通信業,情報通信・サービスその他
4345.T,シーティーエス,東証プライム,サービス業,情報通信・サービスその他
4362.T,日本精化,東証プライム,化学,素材・化学
4368.T,扶桑化学工業,東証プライム,化学,素材・化学
4369.T,トリケミカル研究所,東証プライム,化学,素材・化学
4373.T,シンプレクス・ホールディングス,東証プライム,情報・通信業,情報通信・サービスその他
4384.T,ラクスル,東証プライム,情報・通信業,情報通信・サービスその他
4385.T,メルカリ,東証プライム,情報・通信業,情報通信・サービスその他
4390.T,ＩＰＳ,東証プライム,情報・通信業,情報通信・サービスその他
4392.T,ＦＩＧ,東証プライム,情報・通信業,情報通信・サービスその他
4396.T,システムサポートホールディングス,東証プライム,情報・通信業,情報通信・サービスその他
4401.T,ＡＤＥＫＡ,東証プライム,化学,素材・化学
4403.T,日油,東証プライム,化学,素材・化学
4410.T,ハリマ化成グループ,東証プライム,化学,素材・化学
4413.T,ボードルア,東証プライム,情報・通信業,情報通信・サービスその他
4432.T,ウイングアーク１ｓｔ,東証プライム,情報・通信業,情報通信・サービスその他
4433.T,ヒト・コミュニケーションズ・ホールディングス,東証プライム,情報・通信業,情報通信・サービスその他
4443.T,Ｓａｎｓａｎ,東証プライム,情報・通信業,情報通信・サービスその他
4446.T,Ｌｉｎｋ－Ｕグループ,東証プライム,情報・通信業,情報通信・サービスその他
4449.T,ギフティ,東証プライム,情報・通信業,情報通信・サービスその他
4452.T,花王,東証プライム,化学,素材・化学
4461.T,第一工業製薬,東証プライム,化学,素材・化学
4462.T,石原ケミカル,東証プライム,化学,素材・化学
4471.T,三洋化成工業,東証プライム,化学,素材・化学
4480.T,メドレー,東証プライム,情報・通信業,情報通信・サービスその他
4481.T,ベース,東証プライム,情報・通信業,情報通信・サービスその他
4483.T,ＪＭＤＣ,東証プライム,情報・通信業,情報通信・サービスその他
4502.T,武田薬品工業,東証プライム,医薬品,医薬品
4503.T,アステラス製薬,東証プライム,医薬品,医薬品
4506.T,住友ファーマ,東証プライム,医薬品,医薬品
4507.T,塩野義製薬,東証プライム,医薬品,医薬品
4516.T,日本新薬,東証プライム,医薬品,医薬品
4519.T,中外製薬,東証プライム,医薬品,医薬品
4521.T,科研製薬,東証プライム,医薬品,医薬品
4523.T,エーザイ,東証プライム,医薬品,医薬品
4526.T,理研ビタミン,東証プライム,食料品,食品
4527.T,ロート製薬,東証プライム,医薬品,医薬品
4528.T,小野薬品工業,東証プライム,医薬品,医薬品
4530.T,久光製薬,東証プライム,医薬品,医薬品
4534.T,持田製薬,東証プライム,医薬品,医薬品
4536.T,参天製薬,東証プライム,医薬品,医薬品
4538.T,扶桑薬品工業,東証プライム,医薬品,医薬品
4540.T,ツムラ,東証プライム,医薬品,医薬品
4543.T,テルモ,東証プライム,精密機器,電機・精密
4544.T,Ｈ．Ｕ．グループホールディングス,東証プライム,サービス業,情報通信・サービスその他
4547.T,キッセイ薬品工業,東証プライム,医薬品,医薬品
4548.T,生化学工業,東証プライム,医薬品,医薬品
4549.T,栄研化学,東証プライム,医薬品,医薬品
4552.T,ＪＣＲファーマ,東証プライム,医薬品,医薬品
4553.T,東和薬品,東証プライム,医薬品,医薬品
4554.T,富士製薬工業,東証プライム,医薬品,医薬品
4559.T,ゼリア新薬工業,東証プライム,医薬品,医薬品
4565.T,ネクセラファーマ,東証プライム,医薬品,医薬品
4568.T,第一三共,東証プライム,医薬品,医薬品
4569.T,杏林製薬,東証プライム,医薬品,医薬品
4574.T,大幸薬品,東証プライム,医薬品,医薬品
4577.T,ダイト,東証プライム,医薬品,医薬品
4578.T,大塚ホールディングス,東証プライム,医薬品,医薬品
4587.T,ペプチドリーム,東証プライム,医薬品,医薬品
4611.T,大日本塗料,東証プライム,化学,素材・化学
4612.T,日本ペイントホールディングス,東証プライム,化学,素材・化学
4613.T,関西ペイント,東証プライム,化学,素材・化学
4617.T,中国塗料,東証プライム,化学,素材・化学
4626.T,太陽ホールディングス,東証プライム,化学,素材・化学
4631.T,ＤＩＣ,東証プライム,化学,素材・化学
4633.T,サカタインクス,東証プライム,化学,素材・化学
4634.T,ａｒｔｉｅｎｃｅ,東証プライム,化学,素材・化学
4641.T,アルプス技研,東証プライム,サービス業,情報通信・サービスその他
4658.T,日本空調サービス,東証プライム,サービス業,情報通信・サービスその他
4661.T,オリエンタルランド,東証プライム,サービス業,情報通信・サービスその他
4662.T,フォーカスシステムズ,東証プライム,情報・通信業,情報通信・サービスその他
4665.T,ダスキン,東証プライム,サービス業,情報通信・サービスその他
4666.T,パーク２４,東証プライム,不動産業,不動産
4668.T,明光ネットワークジャパン,東証プライム,サービス業,情報通信・サービスその他
4674.T,クレスコ,東証プライム,情報・通信業,情報通信・サービスその他
4676.T,フジ・メディア・ホールディングス,東証プライム,情報・通信業,情報通信・サービスその他
4680.T,ラウンドワン,東証プライム,サービス業,情報通信・サービスその他
4681.T,リゾートトラスト,東証プライム,サービス業,情報通信・サービスその他
4684.T,オービック,東証プライム,情報・通信業,情報通信・サービスその他
4686.T,ジャストシステム,東証プライム,情報・通信業,情報通信・サービスその他
4687.T,ＴＤＣソフト,東証プライム,情報・通信業,情報通信・サービスその他
4689.T,ＬＩＮＥヤフー,東証プライム,情報・通信業,情報通信・サービスその他
4694.T,ビー・エム・エル,東証プライム,サービス業,情報通信・サービスその他
4704.T,トレンドマイクロ,東証プライム,情報・通信業,情報通信・サービスその他
4709.T,ＩＤホールディングス,東証プライム,情報・通信業,情報通信・サービスその他
4714.T,リソー教育グループ,東証プライム,サービス業,情報通信・サービスその他
4718.T,早稲田アカデミー,東証プライム,サービス業,情報通信・サービスその他
4719.T,アルファシステムズ,東証プライム,情報・通信業,情報通信・サービスその他
4722.T,フューチャー,東証プライム,情報・通信業,情報通信・サービスその他
4725.T,ＣＡＣ　Ｈｏｌｄｉｎｇｓ,東証プライム,情報・通信業,情報通信・サービスその他
4732.T,ユー・エス・エス,東証プライム,サービス業,情報通信・サービスその他
4733.T,オービックビジネスコンサルタント,東証プライム,情報・通信業,情報通信・サービスその他
4743.T,アイティフォー,東証プライム,情報・通信業,情報通信・サービスその他
4751.T,サイバーエージェント,東証プライム,サービス業,情報通信・サービスその他
4755.T,楽天グループ,東証プライム,サービス業,情報通信・サービスその他
4763.T,クリーク・アンド・リバー社,東証プライム,サービス業,情報通信・サービスその他
4765.T,ＳＢＩグローバルアセットマネジメント,東証プライム,サービス業,情報通信・サービスその他
4768.T,大塚商会,東証プライム,情報・通信業,情報通信・サービスその他
4776.T,サイボウズ,東証プライム,情報・通信業,情報通信・サービスその他
4784.T,ＧＭＯインターネット,東証プライム,サービス業,情報通信・サービスその他
4792.T,山田コンサルティンググループ,東証プライム,サービス業,情報通信・サービスその他
4801.T,セントラルスポーツ,東証プライム,サービス業,情報通信・サービスその他
4809.T,パラカ,東証プライム,不動産業,不動産
4812.T,電通総研,東証プライム,情報・通信業,情報通信・サービスその他
4813.T,ＡＣＣＥＳＳ,東証プライム,情報・通信業,情報通信・サービスその他
4819.T,デジタルガレージ,東証プライム,情報・通信業,情報通信・サービスその他
4820.T,イーエムシステムズ,東証プライム,情報・通信業,情報通信・サービスその他
4825.T,ウェザーニューズ,東証プライム,情報・通信業,情報通信・サービスその他
4826.T,ＣＩＪ,東証プライム,情報・通信業,情報通信・サービスその他
4828.T,ビジネスエンジニアリング,東証プライム,情報・通信業,情報通信・サービスその他
4839.T,ＷＯＷＯＷ,東証プライム,情報・通信業,情報通信・サービスその他
4845.T,スカラ,東証プライム,情報・通信業,情報通信・サービスその他
4847.T,インテリジェント　ウェイブ,東証プライム,情報・通信業,情報通信・サービスその他
4848.T,フルキャストホールディングス,東証プライム,サービス業,情報通信・サービスその他
4849.T,エン,東証プライム,サービス業,情報通信・サービスその他
4880.T,セルソース,東証プライム,医薬品,医薬品
4886.T,あすか製薬ホールディングス,東証プライム,医薬品,医薬品
4887.T,サワイグループホールディングス,東証プライム,医薬品,医薬品
4901.T,富士フイルムホールディングス,東証プライム,化学,素材・化学
4902.T,コニカミノルタ,東証プライム,電気機器,電機・精密
4911.T,資生堂,東証プライム,化学,素材・化学
4912.T,ライオン,東証プライム,化学,素材・化学
4914.T,高砂香料工業,東証プライム,化学,素材・化学
4917.T,マンダム,東証プライム,化学,素材・化学
4919.T,ミルボン,東証プライム,化学,素材・化学
4922.T,コーセー,東証プライム,化学,素材・化学
4923.T,コタ,東証プライム,化学,素材・化学
4927.T,ポーラ・オルビスホールディングス,東証プライム,化学,素材・化学
4928.T,ノエビアホールディングス,東証プライム,化学,素材・化学
4931.T,新日本製薬,東証プライム,化学,素材・化学
4933.T,Ｉ－ｎｅ,東証プライム,化学,素材・化学
4951.T,エステー,東証プライム,化学,素材・化学
4956.T,コニシ,東証プライム,化学,素材・化学
4958.T,長谷川香料,東証プライム,化学,素材・化学
4967.T,小林製薬,東証プライム,化学,素材・化学
4968.T,荒川化学工業,東証プライム,化学,素材・化学
4971.T,メック,東証プライム,化学,素材・化学
4973.T,日本高純度化学,東証プライム,化学,素材・化学
4974.T,タカラバイオ,東証プライム,化学,素材・化学
4975.T,ＪＣＵ,東証プライム,化学,素材・化学
4980.T,デクセリアルズ,東証プライム,化学,素材・化学
4985.T,アース製薬,東証プライム,化学,素材・化学
4996.T,クミアイ化学工業,東証プライム,化学,素材・化学
4997.T,日本農薬,東証プライム,化学,素材・化学
5011.T,ニチレキグループ,東証プライム,石油・石炭製品,エネルギー資源
5016.T,ＪＸ金属,東証プライム,非鉄金属,鉄鋼・非鉄
5017.T,富士石油,東証プライム,石油・石炭製品,エネルギー資源
5019.T,出光興産,東証プライム,石油・石炭製品,エネルギー資源
5020.T,ＥＮＥＯＳホールディングス,東証プライム,石油・石炭製品,エネルギー資源
5021.T,コスモエネルギーホールディングス,東証プライム,石油・石炭製品,エネルギー資源
5032.T,ＡＮＹＣＯＬＯＲ,東証プライム,情報・通信業,情報通信・サービスその他
5036.T,日本ビジネスシステムズ,東証プライム,情報・通信業,情報通信・サービスその他
5074.T,テスホールディングス,東証プライム,建設業,建設・資材
5076.T,インフロニア・ホールディングス,東証プライム,建設業,建設・資材
50765.T,インフロニア・ホールディングス第１回社債型種類株式,東証プライム,建設業,建設・資材
5101.T,横浜ゴム,東証プライム,ゴム製品,自動車・輸送機
5105.T,ＴＯＹＯ　ＴＩＲＥ,東証プライム,ゴム製品,自動車・輸送機
5108.T,ブリヂストン,東証プライム,ゴム製品,自動車・輸送機
5110.T,住友ゴム工業,東証プライム,ゴム製品,自動車・輸送機
5121.T,藤倉コンポジット,東証プライム,ゴム製品,自動車・輸送機
5122.T,オカモト,東証プライム,ゴム製品,自動車・輸送機
5142.T,アキレス,東証プライム,化学,素材・化学
5185.T,フコク,東証プライム,ゴム製品,自動車・輸送機
5186.T,ニッタ,東証プライム,ゴム製品,自動車・輸送機
5191.T,住友理工,東証プライム,ゴム製品,自動車・輸送機
5192.T,三ツ星ベルト,東証プライム,ゴム製品,自動車・輸送機
5195.T,バンドー化学,東証プライム,ゴム製品,自動車・輸送機
5201.T,ＡＧＣ,東証プライム,ガラス・土石製品,建設・資材
5202.T,日本板硝子,東証プライム,ガラス・土石製品,建設・資材
5208.T,有沢製作所,東証プライム,化学,素材・化学
5214.T,日本電気硝子,東証プライム,ガラス・土石製品,建設・資材
5232.T,住友大阪セメント,東証プライム,ガラス・土石製品,建設・資材
5233.T,太平洋セメント,東証プライム,ガラス・土石製品,建設・資材
5261.T,リソルホールディングス,東証プライム,サービス業,情報通信・サービスその他
5262.T,日本ヒューム,東証プライム,ガラス・土石製品,建設・資材
5269.T,日本コンクリート工業,東証プライム,ガラス・土石製品,建設・資材
5288.T,アジアパイルホールディングス,東証プライム,ガラス・土石製品,建設・資材
5301.T,東海カーボン,東証プライム,ガラス・土石製品,建設・資材
5302.T,日本カーボン,東証プライム,ガラス・土石製品,建設・資材
5310.T,東洋炭素,東証プライム,ガラス・土石製品,建設・資材
5331.T,ノリタケ,東証プライム,ガラス・土石製品,建設・資材
5332.T,ＴＯＴＯ,東証プライム,ガラス・土石製品,建設・資材
5333.T,日本碍子,東証プライム,ガラス・土石製品,建設・資材
5334.T,日本特殊陶業,東証プライム,ガラス・土石製品,建設・資材
5344.T,ＭＡＲＵＷＡ,東証プライム,ガラス・土石製品,建設・資材
5351.T,品川リフラ,東証プライム,ガラス・土石製品,建設・資材
5352.T,黒崎播磨,東証プライム,ガラス・土石製品,建設・資材
5357.T,ヨータイ,東証プライム,ガラス・土石製品,建設・資材
5384.T,フジミインコーポレーテッド,東証プライム,ガラス・土石製品,建設・資材
5393.T,ニチアス,東証プライム,ガラス・土石製品,建設・資材
5401.T,日本製鉄,東証プライム,鉄鋼,鉄鋼・非鉄
5406.T,神戸製鋼所,東証プライム,鉄鋼,鉄鋼・非鉄
5408.T,中山製鋼所,東証プライム,鉄鋼,鉄鋼・非鉄
5410.T,合同製鐵,東証プライム,鉄鋼,鉄鋼・非鉄
5411.T,ＪＦＥホールディングス,東証プライム,鉄鋼,鉄鋼・非鉄
5423.T,東京製鐵,東証プライム,鉄鋼,鉄鋼・非鉄
5440.T,共英製鋼,東証プライム,鉄鋼,鉄鋼・非鉄
5444.T,大和工業,東証プライム,鉄鋼,鉄鋼・非鉄
5445.T,東京鐵鋼,東証プライム,鉄鋼,鉄鋼・非鉄
5451.T,ヨドコウ,東証プライム,鉄鋼,鉄鋼・非鉄
5461.T,中部鋼鈑,東証プライム,鉄鋼,鉄鋼・非鉄
5463.T,丸一鋼管,東証プライム,鉄鋼,鉄鋼・非鉄
5471.T,大同特殊鋼,東証プライム,鉄鋼,鉄鋼・非鉄
5480.T,日本冶金工業,東証プライム,鉄鋼,鉄鋼・非鉄
5482.T,愛知製鋼,東証プライム,鉄鋼,鉄鋼・非鉄
5535.T,ミガロホールディングス,東証プライム,不動産業,不動産
5541.T,大平洋金属,東証プライム,鉄鋼,鉄鋼・非鉄
5563.T,新日本電工,東証プライム,鉄鋼,鉄鋼・非鉄
5602.T,栗本鐵工所,東証プライム,鉄鋼,鉄鋼・非鉄
5631.T,日本製鋼所,東証プライム,機械,機械
5632.T,三菱製鋼,東証プライム,鉄鋼,鉄鋼・非鉄
5659.T,日本精線,東証プライム,鉄鋼,鉄鋼・非鉄
5702.T,大紀アルミニウム工業所,東証プライム,非鉄金属,鉄鋼・非鉄
5703.T,日本軽金属ホールディングス,東証プライム,非鉄金属,鉄鋼・非鉄
5706.T,三井金属,東証プライム,非鉄金属,鉄鋼・非鉄
5707.T,東邦亜鉛,東証プライム,非鉄金属,鉄鋼・非鉄
5711.T,三菱マテリアル,東証プライム,非鉄金属,鉄鋼・非鉄
5713.T,住友金属鉱山,東証プライム,非鉄金属,鉄鋼・非鉄
5714.T,ＤＯＷＡホールディングス,東証プライム,非鉄金属,鉄鋼・非鉄
5715.T,古河機械金属,東証プライム,非鉄金属,鉄鋼・非鉄
5726.T,大阪チタニウムテクノロジーズ,東証プライム,非鉄金属,鉄鋼・非鉄
5727.T,東邦チタニウム,東証プライム,非鉄金属,鉄鋼・非鉄
5741.T,ＵＡＣＪ,東証プライム,非鉄金属,鉄鋼・非鉄
5757.T,ＣＫサンエツ,東証プライム,非鉄金属,鉄鋼・非鉄
5801.T,古河電気工業,東証プライム,非鉄金属,鉄鋼・非鉄
5802.T,住友電気工業,東証プライム,非鉄金属,鉄鋼・非鉄
5803.T,フジクラ,東証プライム,非鉄金属,鉄鋼・非鉄
5805.T,ＳＷＣＣ,東証プライム,非鉄金属,鉄鋼・非鉄
5821.T,平河ヒューテック,東証プライム,非鉄金属,鉄鋼・非鉄
5830.T,いよぎんホールディングス,東証プライム,銀行業,銀行
5831.T,しずおかフィナンシャルグループ,東証プライム,銀行業,銀行
5832.T,ちゅうぎんフィナンシャルグループ,東証プライム,銀行業,銀行
5838.T,楽天銀行,東証プライム,銀行業,銀行
5844.T,京都フィナンシャルグループ,東証プライム,銀行業,銀行
5851.T,リョービ,東証プライム,非鉄金属,鉄鋼・非鉄
5852.T,アーレスティ,東証プライム,非鉄金属,鉄鋼・非鉄
5857.T,ＡＲＥホールディングス,東証プライム,非鉄金属,鉄鋼・非鉄
5889.T,Ｊａｐａｎ　Ｅｙｅｗｅａｒ　Ｈｏｌｄｉｎｇｓ,東証プライム,小売業,小売
5901.T,東洋製罐グループホールディングス,東証プライム,金属製品,建設・資材
5902.T,ホッカンホールディングス,東証プライム,金属製品,建設・資材
5911.T,横河ブリッジホールディングス,東証プライム,金属製品,建設・資材
5929.T,三和ホールディングス,東証プライム,金属製品,建設・資材
5930.T,文化シヤッター,東証プライム,金属製品,建設・資材
5932.T,三協立山,東証プライム,金属製品,建設・資材
5933.T,アルインコ,東証プライム,金属製品,建設・資材
5938.T,ＬＩＸＩＬ,東証プライム,金属製品,建設・資材
5943.T,ノーリツ,東証プライム,金属製品,建設・資材
5946.T,長府製作所,東証プライム,金属製品,建設・資材
5947.T,リンナイ,東証プライム,金属製品,建設・資材
5949.T,ユニプレス,東証プライム,輸送用機器,自動車・輸送機
5957.T,日東精工,東証プライム,金属製品,建設・資材
5959.T,岡部,東証プライム,金属製品,建設・資材
5970.T,ジーテクト,東証プライム,金属製品,建設・資材
5975.T,東プレ,東証プライム,金属製品,建設・資材
5976.T,高周波熱錬,東証プライム,金属製品,建設・資材
5981.T,東京製綱,東証プライム,金属製品,建設・資材
5988.T,パイオラックス,東証プライム,金属製品,建設・資材
5989.T,エイチワン,東証プライム,金属製品,建設・資材
5991.T,日本発條,東証プライム,金属製品,建設・資材
6005.T,三浦工業,東証プライム,機械,機械
6013.T,タクマ,東証プライム,機械,機械
6028.T,テクノプロ・ホールディングス,東証プライム,サービス業,情報通信・サービスその他
6035.T,アイ・アールジャパンホールディングス,東証プライム,サービス業,情報通信・サービスその他
6036.T,ＫｅｅＰｅｒ技研,東証プライム,サービス業,情報通信・サービスその他
6047.T,Ｇｕｎｏｓｙ,東証プライム,サービス業,情報通信・サービスその他
6050.T,イー・ガーディアン,東証プライム,サービス業,情報通信・サービスその他
6055.T,ジャパンマテリアル,東証プライム,サービス業,情報通信・サービスその他
6058.T,ベクトル,東証プライム,サービス業,情報通信・サービスその他
6062.T,チャーム・ケア・コーポレーション,東証プライム,サービス業,情報通信・サービスその他
6070.T,キャリアリンク,東証プライム,サービス業,情報通信・サービスその他
6071.T,ＩＢＪ,東証プライム,サービス業,情報通信・サービスその他
6073.T,アサンテ,東証プライム,サービス業,情報通信・サービスその他
6078.T,バリューＨＲ,東証プライム,サービス業,情報通信・サービスその他
6080.T,Ｍ＆Ａキャピタルパートナーズ,東証プライム,サービス業,情報通信・サービスその他
6088.T,シグマクシス・ホールディングス,東証プライム,サービス業,情報通信・サービスその他
6089.T,ウィルグループ,東証プライム,サービス業,情報通信・サービスその他
6098.T,リクルートホールディングス,東証プライム,サービス業,情報通信・サービスその他
6099.T,エラン,東証プライム,サービス業,情報通信・サービスその他
6101.T,ツガミ,東証プライム,機械,機械
6103.T,オークマ,東証プライム,機械,機械
6104.T,芝浦機械,東証プライム,機械,機械
6113.T,アマダ,東証プライム,機械,機械
6118.T,アイダエンジニアリング,東証プライム,機械,機械
6134.T,ＦＵＪＩ,東証プライム,機械,機械
6135.T,牧野フライス製作所,東証プライム,機械,機械
6136.T,オーエスジー,東証プライム,機械,機械
6140.T,旭ダイヤモンド工業,東証プライム,機械,機械
6141.T,ＤＭＧ森精機,東証プライム,機械,機械
6143.T,ソディック,東証プライム,機械,機械
6146.T,ディスコ,東証プライム,機械,機械
6151.T,日東工器,東証プライム,機械,機械
6157.T,日進工具,東証プライム,機械,機械
6167.T,冨士ダイス,東証プライム,機械,機械
6178.T,日本郵政,東証プライム,サービス業,情報通信・サービスその他
6183.T,ベルシステム２４ホールディングス,東証プライム,サービス業,情報通信・サービスその他
6184.T,鎌倉新書,東証プライム,サービス業,情報通信・サービスその他
6191.T,エアトリ,東証プライム,サービス業,情報通信・サービスその他
6194.T,アトラエ,東証プライム,サービス業,情報通信・サービスその他
6196.T,ストライク,東証プライム,サービス業,情報通信・サービスその他
6197.T,ソラスト,東証プライム,サービス業,情報通信・サービスその他
6200.T,インソース,東証プライム,サービス業,情報通信・サービスその他
6201.T,豊田自動織機,東証プライム,輸送用機器,自動車・輸送機
6209.T,リケンＮＰＲ,東証プライム,機械,機械
6222.T,島精機製作所,東証プライム,機械,機械
6235.T,オプトラン,東証プライム,機械,機械
6237.T,イワキポンプ,東証プライム,機械,機械
6238.T,フリュー,東証プライム,機械,機械
6240.T,ヤマシンフィルタ,東証プライム,機械,機械
6247.T,日阪製作所,東証プライム,機械,機械
6250.T,やまびこ,東証プライム,機械,機械
6254.T,野村マイクロ・サイエンス,東証プライム,機械,機械
6258.T,平田機工,東証プライム,機械,機械
6264.T,マルマエ,東証プライム,機械,機械
6266.T,タツモ,東証プライム,機械,機械
6268.T,ナブテスコ,東証プライム,機械,機械
6269.T,三井海洋開発,東証プライム,機械,機械
6272.T,レオン自動機,東証プライム,機械,機械
6273.T,ＳＭＣ,東証プライム,機械,機械
6277.T,ホソカワミクロン,東証プライム,機械,機械
6278.T,ユニオンツール,東証プライム,機械,機械
6279.T,瑞光,東証プライム,機械,機械
6282.T,オイレス工業,東証プライム,機械,機械
6284.T,日精エー・エス・ビー機械,東証プライム,機械,機械
6287.T,サトー,東証プライム,機械,機械
6289.T,技研製作所,東証プライム,機械,機械
6293.T,日精樹脂工業,東証プライム,機械,機械
6294.T,オカダアイヨン,東証プライム,機械,機械
6298.T,ワイエイシイホールディングス,東証プライム,機械,機械
6301.T,小松製作所,東証プライム,機械,機械
6302.T,住友重機械工業,東証プライム,機械,機械
6305.T,日立建機,東証プライム,機械,機械
6306.T,日工,東証プライム,機械,機械
6309.T,巴工業,東証プライム,機械,機械
6310.T,井関農機,東証プライム,機械,機械
6315.T,ＴＯＷＡ,東証プライム,機械,機械
6323.T,ローツェ,東証プライム,機械,機械
6326.T,クボタ,東証プライム,機械,機械
6328.T,荏原実業,東証プライム,機械,機械
6330.T,東洋エンジニアリング,東証プライム,建設業,建設・資材
6331.T,三菱化工機,東証プライム,機械,機械
6332.T,月島ホールディングス,東証プライム,機械,機械
6333.T,帝国電機製作所,東証プライム,機械,機械
6339.T,新東工業,東証プライム,機械,機械
6340.T,澁谷工業,東証プライム,機械,機械
6345.T,アイチ　コーポレーション,東証プライム,機械,機械
6349.T,小森コーポレーション,東証プライム,機械,機械
6351.T,鶴見製作所,東証プライム,機械,機械
6358.T,酒井重工業,東証プライム,機械,機械
6361.T,荏原製作所,東証プライム,機械,機械
6363.T,酉島製作所,東証プライム,機械,機械
6364.T,ＡＩＲＭＡＮ,東証プライム,機械,機械
6367.T,ダイキン工業,東証プライム,機械,機械
6368.T,オルガノ,東証プライム,機械,機械
6369.T,トーヨーカネツ,東証プライム,機械,機械
6370.T,栗田工業,東証プライム,機械,機械
6371.T,椿本チエイン,東証プライム,機械,機械
6376.T,日機装,東証プライム,精密機器,電機・精密
6379.T,レイズネクスト,東証プライム,建設業,建設・資材
6381.T,アネスト岩田,東証プライム,機械,機械
6383.T,ダイフク,東証プライム,機械,機械
6387.T,サムコ,東証プライム,機械,機械
6390.T,加藤製作所,東証プライム,機械,機械
6395.T,タダノ,東証プライム,機械,機械
6406.T,フジテック,東証プライム,機械,機械
6407.T,ＣＫＤ,東証プライム,機械,機械
6412.T,平和,東証プライム,機械,機械
6413.T,理想科学工業,東証プライム,機械,機械
6417.T,ＳＡＮＫＹＯ,東証プライム,機械,機械
6418.T,日本金銭機械,東証プライム,機械,機械
6419.T,マースグループホールディングス,東証プライム,機械,機械
6420.T,ガリレイ,東証プライム,機械,機械
6430.T,ダイコク電機,東証プライム,機械,機械
6432.T,竹内製作所,東証プライム,機械,機械
6436.T,アマノ,東証プライム,機械,機械
6440.T,ＪＵＫＩ,東証プライム,機械,機械
6445.T,ジャノメ,東証プライム,機械,機械
6448.T,ブラザー工業,東証プライム,電気機器,電機・精密
6454.T,マックス,東証プライム,機械,機械
6455.T,モリタホールディングス,東証プライム,輸送用機器,自動車・輸送機
6457.T,グローリー,東証プライム,機械,機械
6458.T,新晃工業,東証プライム,機械,機械
6459.T,大和冷機工業,東証プライム,機械,機械
6460.T,セガサミーホールディングス,東証プライム,機械,機械
6463.T,ＴＰＲ,東証プライム,機械,機械
6464.T,ツバキ・ナカシマ,東証プライム,機械,機械
6465.T,ホシザキ,東証プライム,機械,機械
6471.T,日本精工,東証プライム,機械,機械
6472.T,ＮＴＮ,東証プライム,機械,機械
6473.T,ジェイテクト,東証プライム,機械,機械
6474.T,不二越,東証プライム,機械,機械
6479.T,ミネベアミツミ,東証プライム,電気機器,電機・精密
6480.T,日本トムソン,東証プライム,機械,機械
6481.T,ＴＨＫ,東証プライム,機械,機械
6486.T,イーグル工業,東証プライム,機械,機械
6490.T,ＰＩＬＬＡＲ,東証プライム,機械,機械
6498.T,キッツ,東証プライム,機械,機械
6501.T,日立製作所,東証プライム,電気機器,電機・精密
6503.T,三菱電機,東証プライム,電気機器,電機・精密
6504.T,富士電機,東証プライム,電気機器,電機・精密
6506.T,安川電機,東証プライム,電気機器,電機・精密
6507.T,シンフォニアテクノロジー,東証プライム,電気機器,電機・精密
6508.T,明電舎,東証プライム,電気機器,電機・精密
6516.T,山洋電気,東証プライム,電気機器,電機・精密
6517.T,デンヨー,東証プライム,電気機器,電機・精密
6523.T,ＰＨＣホールディングス,東証プライム,電気機器,電機・精密
6525.T,ＫＯＫＵＳＡＩ　ＥＬＥＣＴＲＩＣ,東証プライム,電気機器,電機・精密
6526.T,ソシオネクスト,東証プライム,電気機器,電機・精密
6532.T,ベイカレント,東証プライム,サービス業,情報通信・サービスその他
6533.T,Ｏｒｃｈｅｓｔｒａ　Ｈｏｌｄｉｎｇｓ,東証プライム,サービス業,情報通信・サービスその他
6535.T,アイモバイル,東証プライム,サービス業,情報通信・サービスその他
6539.T,ＭＳ－Ｊａｐａｎ,東証プライム,サービス業,情報通信・サービスその他
6544.T,ジャパンエレベーターサービスホールディングス,東証プライム,サービス業,情報通信・サービスその他
6560.T,エル・ティー・エス,東証プライム,サービス業,情報通信・サービスその他
6564.T,ミダックホールディングス,東証プライム,サービス業,情報通信・サービスその他
6571.T,キュービーネットホールディングス,東証プライム,サービス業,情報通信・サービスその他
6572.T,オープングループ,東証プライム,サービス業,情報通信・サービスその他
6584.T,三櫻工業,東証プライム,輸送用機器,自動車・輸送機
6586.T,マキタ,東証プライム,機械,機械
6588.T,東芝テック,東証プライム,電気機器,電機・精密
6590.T,芝浦メカトロニクス,東証プライム,電気機器,電機・精密
6592.T,マブチモーター,東証プライム,電気機器,電機・精密
6594.T,ニデック,東証プライム,電気機器,電機・精密
6615.T,ユー・エム・シー・エレクトロニクス,東証プライム,電気機器,電機・精密
6616.T,トレックス・セミコンダクター,東証プライム,電気機器,電機・精密
6617.T,東光高岳,東証プライム,電気機器,電機・精密
6619.T,ダブル・スコープ,東証プライム,電気機器,電機・精密
6620.T,宮越ホールディングス,東証プライム,不動産業,不動産
6622.T,ダイヘン,東証プライム,電気機器,電機・精密
6630.T,ヤーマン,東証プライム,電気機器,電機・精密
6632.T,ＪＶＣケンウッド,東証プライム,電気機器,電機・精密
6638.T,ミマキエンジニアリング,東証プライム,電気機器,電機・精密
6644.T,大崎電気工業,東証プライム,電気機器,電機・精密
6645.T,オムロン,東証プライム,電気機器,電機・精密
6651.T,日東工業,東証プライム,電気機器,電機・精密
6652.T,ＩＤＥＣ,東証プライム,電気機器,電機・精密
6653.T,正興電機製作所,東証プライム,電気機器,電機・精密
6674.T,ジーエス・ユアサ　コーポレーション,東証プライム,電気機器,電機・精密
6699.T,ダイヤモンドエレクトリックホールディングス,東証プライム,電気機器,電機・精密
6701.T,日本電気,東証プライム,電気機器,電機・精密
6702.T,富士通,東証プライム,電気機器,電機・精密
6703.T,沖電気工業,東証プライム,電気機器,電機・精密
6706.T,電気興業,東証プライム,電気機器,電機・精密
6707.T,サンケン電気,東証プライム,電気機器,電機・精密
6718.T,アイホン,東証プライム,電気機器,電機・精密
6723.T,ルネサスエレクトロニクス,東証プライム,電気機器,電機・精密
6724.T,セイコーエプソン,東証プライム,電気機器,電機・精密
6727.T,ワコム,東証プライム,電気機器,電機・精密
6728.T,アルバック,東証プライム,電気機器,電機・精密
6737.T,ＥＩＺＯ,東証プライム,電気機器,電機・精密
6740.T,ジャパンディスプレイ,東証プライム,電気機器,電機・精密
6741.T,日本信号,東証プライム,電気機器,電機・精密
6742.T,京三製作所,東証プライム,電気機器,電機・精密
6744.T,能美防災,東証プライム,電気機器,電機・精密
6745.T,ホーチキ,東証プライム,電気機器,電機・精密
6750.T,エレコム,東証プライム,電気機器,電機・精密
6752.T,パナソニック　ホールディングス,東証プライム,電気機器,電機・精密
6753.T,シャープ,東証プライム,電気機器,電機・精密
6754.T,アンリツ,東証プライム,電気機器,電機・精密
6758.T,ソニーグループ,東証プライム,電気機器,電機・精密
6762.T,ＴＤＫ,東証プライム,電気機器,電機・精密
6763.T,帝国通信工業,東証プライム,電気機器,電機・精密
6768.T,タムラ製作所,東証プライム,電気機器,電機・精密
6770.T,アルプスアルパイン,東証プライム,電気機器,電機・精密
6779.T,日本電波工業,東証プライム,電気機器,電機・精密
6785.T,鈴木,東証プライム,電気機器,電機・精密
6787.T,メイコー,東証プライム,電気機器,電機・精密
6788.T,日本トリム,東証プライム,電気機器,電機・精密
6794.T,フォスター電機,東証プライム,電気機器,電機・精密
6798.T,ＳＭＫ,東証プライム,電気機器,電機・精密
6800.T,ヨコオ,東証プライム,電気機器,電機・精密
6804.T,ホシデン,東証プライム,電気機器,電機・精密
6806.T,ヒロセ電機,東証プライム,電気機器,電機・精密
6807.T,日本航空電子工業,東証プライム,電気機器,電機・精密
6809.T,ＴＯＡ,東証プライム,電気機器,電機・精密
6810.T,マクセル,東証プライム,電気機器,電機・精密
6814.T,古野電気,東証プライム,電気機器,電機・精密
6817.T,スミダコーポレーション,東証プライム,電気機器,電機・精密
6820.T,アイコム,東証プライム,電気機器,電機・精密
6823.T,リオン,東証プライム,電気機器,電機・精密
6841.T,横河電機,東証プライム,電気機器,電機・精密
6844.T,新電元工業,東証プライム,電気機器,電機・精密
6845.T,アズビル,東証プライム,電気機器,電機・精密
6849.T,日本光電工業,東証プライム,電気機器,電機・精密
6850.T,チノー,東証プライム,電気機器,電機・精密
6856.T,堀場製作所,東証プライム,電気機器,電機・精密
6857.T,アドバンテスト,東証プライム,電気機器,電機・精密
6859.T,エスペック,東証プライム,電気機器,電機・精密
6861.T,キーエンス,東証プライム,電気機器,電機・精密
6866.T,日置電機,東証プライム,電気機器,電機・精密
6869.T,シスメックス,東証プライム,電気機器,電機・精密
6871.T,日本マイクロニクス,東証プライム,電気機器,電機・精密
6875.T,メガチップス,東証プライム,電気機器,電機・精密
6902.T,デンソー,東証プライム,輸送用機器,自動車・輸送機
6905.T,コーセル,東証プライム,電気機器,電機・精密
6908.T,イリソ電子工業,東証プライム,電気機器,電機・精密
6914.T,オプテックスグループ,東証プライム,電気機器,電機・精密
6920.T,レーザーテック,東証プライム,電気機器,電機・精密
6923.T,スタンレー電気,東証プライム,電気機器,電機・精密
6925.T,ウシオ電機,東証プライム,電気機器,電機・精密
6928.T,エノモト,東証プライム,電気機器,電機・精密
6929.T,日本セラミック,東証プライム,電気機器,電機・精密
6937.T,古河電池,東証プライム,電気機器,電機・精密
6941.T,山一電機,東証プライム,電気機器,電機・精密
6947.T,図研,東証プライム,電気機器,電機・精密
6951.T,日本電子,東証プライム,電気機器,電機・精密
6952.T,カシオ計算機,東証プライム,電気機器,電機・精密
6954.T,ファナック,東証プライム,電気機器,電機・精密
6958.T,日本シイエムケイ,東証プライム,電気機器,電機・精密
6961.T,エンプラス,東証プライム,電気機器,電機・精密
6962.T,大真空,東証プライム,電気機器,電機・精密
6963.T,ローム,東証プライム,電気機器,電機・精密
6965.T,浜松ホトニクス,東証プライム,電気機器,電機・精密
6966.T,三井ハイテック,東証プライム,電気機器,電機・精密
6971.T,京セラ,東証プライム,電気機器,電機・精密
6976.T,太陽誘電,東証プライム,電気機器,電機・精密
6981.T,村田製作所,東証プライム,電気機器,電機・精密
6986.T,双葉電子工業,東証プライム,電気機器,電機・精密
6988.T,日東電工,東証プライム,化学,素材・化学
6995.T,東海理化電機製作所,東証プライム,輸送用機器,自動車・輸送機
6996.T,ニチコン,東証プライム,電気機器,電機・精密
6997.T,日本ケミコン,東証プライム,電気機器,電機・精密
6999.T,ＫＯＡ,東証プライム,電気機器,電機・精密
7003.T,三井Ｅ＆Ｓ,東証プライム,機械,機械
7004.T,カナデビア,東証プライム,機械,機械
7011.T,三菱重工業,東証プライム,機械,機械
7012.T,川崎重工業,東証プライム,輸送用機器,自動車・輸送機
7013.T,ＩＨＩ,東証プライム,機械,機械
7033.T,マネジメントソリューションズ,東証プライム,サービス業,情報通信・サービスその他
7034.T,プロレド・パートナーズ,東証プライム,サービス業,情報通信・サービスその他
7038.T,フロンティア・マネジメント,東証プライム,サービス業,情報通信・サービスその他
7059.T,コプロ・ホールディングス,東証プライム,サービス業,情報通信・サービスその他
7071.T,アンビスホールディングス,東証プライム,サービス業,情報通信・サービスその他
7085.T,カーブスホールディングス,東証プライム,サービス業,情報通信・サービスその他
7088.T,フォーラムエンジニアリング,東証プライム,サービス業,情報通信・サービスその他
7092.T,Ｆａｓｔ　Ｆｉｔｎｅｓｓ　Ｊａｐａｎ,東証プライム,サービス業,情報通信・サービスその他
7095.T,Ｍａｃｂｅｅ　Ｐｌａｎｅｔ,東証プライム,サービス業,情報通信・サービスその他
7102.T,日本車輌製造,東証プライム,輸送用機器,自動車・輸送機
7128.T,フルサト・マルカホールディングス,東証プライム,卸売業,商社・卸売
7130.T,ヤマエグループホールディングス,東証プライム,卸売業,商社・卸売
7148.T,ＦＰＧ,東証プライム,証券、商品先物取引業,金融（除く銀行）
7157.T,ライフネット生命保険,東証プライム,保険業,金融（除く銀行）
7164.T,全国保証,東証プライム,その他金融業,金融（除く銀行）
7167.T,めぶきフィナンシャルグループ,東証プライム,銀行業,銀行
7172.T,ジャパンインベストメントアドバイザー,東証プライム,証券、商品先物取引業,金融（除く銀行）
7173.T,東京きらぼしフィナンシャルグループ,東証プライム,銀行業,銀行
7180.T,九州フィナンシャルグループ,東証プライム,銀行業,銀行
7181.T,かんぽ生命保険,東証プライム,保険業,金融（除く銀行）
7182.T,ゆうちょ銀行,東証プライム,銀行業,銀行
7184.T,富山第一銀行,東証プライム,銀行業,銀行
7186.T,横浜フィナンシャルグループ,東証プライム,銀行業,銀行
7187.T,ジェイリース,東証プライム,その他金融業,金融（除く銀行）
7189.T,西日本フィナンシャルホールディングス,東証プライム,銀行業,銀行
7198.T,ＳＢＩアルヒ,東証プライム,その他金融業,金融（除く銀行）
7199.T,プレミアグループ,東証プライム,その他金融業,金融（除く銀行）
7201.T,日産自動車,東証プライム,輸送用機器,自動車・輸送機
7202.T,いすゞ自動車,東証プライム,輸送用機器,自動車・輸送機
7203.T,トヨタ自動車,東証プライム,輸送用機器,自動車・輸送機
7205.T,日野自動車,東証プライム,輸送用機器,自動車・輸送機
7211.T,三菱自動車工業,東証プライム,輸送用機器,自動車・輸送機
7220.T,武蔵精密工業,東証プライム,輸送用機器,自動車・輸送機
7224.T,新明和工業,東証プライム,輸送用機器,自動車・輸送機
7226.T,極東開発工業,東証プライム,輸送用機器,自動車・輸送機
7231.T,トピー工業,東証プライム,輸送用機器,自動車・輸送機
7236.T,ティラド,東証プライム,輸送用機器,自動車・輸送機
7238.T,曙ブレーキ工業,東証プライム,輸送用機器,自動車・輸送機
7239.T,タチエス,東証プライム,輸送用機器,自動車・輸送機
7240.T,ＮＯＫ,東証プライム,輸送用機器,自動車・輸送機
7241.T,フタバ産業,東証プライム,輸送用機器,自動車・輸送機
7242.T,カヤバ,東証プライム,輸送用機器,自動車・輸送機
7244.T,市光工業,東証プライム,電気機器,電機・精密
7245.T,大同メタル工業,東証プライム,輸送用機器,自動車・輸送機
7246.T,プレス工業,東証プライム,輸送用機器,自動車・輸送機
7250.T,太平洋工業,東証プライム,輸送用機器,自動車・輸送機
7259.T,アイシン,東証プライム,輸送用機器,自動車・輸送機
7261.T,マツダ,東証プライム,輸送用機器,自動車・輸送機
7267.T,本田技研工業,東証プライム,輸送用機器,自動車・輸送機
7269.T,スズキ,東証プライム,輸送用機器,自動車・輸送機
7270.T,ＳＵＢＡＲＵ,東証プライム,輸送用機器,自動車・輸送機
7272.T,ヤマハ発動機,東証プライム,輸送用機器,自動車・輸送機
7276.T,小糸製作所,東証プライム,電気機器,電機・精密
7278.T,エクセディ,東証プライム,輸送用機器,自動車・輸送機
7280.T,ミツバ,東証プライム,電気機器,電機・精密
7282.T,豊田合成,東証プライム,輸送用機器,自動車・輸送機
7283.T,愛三工業,東証プライム,輸送用機器,自動車・輸送機
7294.T,ヨロズ,東証プライム,輸送用機器,自動車・輸送機
7296.T,エフ・シー・シー,東証プライム,輸送用機器,自動車・輸送機
7309.T,シマノ,東証プライム,輸送用機器,自動車・輸送機
7313.T,テイ・エス　テック,東証プライム,輸送用機器,自動車・輸送機
7322.T,三十三フィナンシャルグループ,東証プライム,銀行業,銀行
7327.T,第四北越フィナンシャルグループ,東証プライム,銀行業,銀行
7337.T,ひろぎんホールディングス,東証プライム,銀行業,銀行
7347.T,マーキュリアホールディングス,東証プライム,証券、商品先物取引業,金融（除く銀行）
7350.T,おきなわフィナンシャルグループ,東証プライム,銀行業,銀行
7354.T,ダイレクトマーケティングミックス,東証プライム,サービス業,情報通信・サービスその他
7366.T,ＬＩＴＡＬＩＣＯ,東証プライム,サービス業,情報通信・サービスその他
7380.T,十六フィナンシャルグループ,東証プライム,銀行業,銀行
7381.T,ＣＣＩグループ,東証プライム,銀行業,銀行
7383.T,ネットプロテクションズホールディングス,東証プライム,その他金融業,金融（除く銀行）
7384.T,プロクレアホールディングス,東証プライム,銀行業,銀行
7388.T,ＦＰパートナー,東証プライム,保険業,金融（除く銀行）
7389.T,あいちフィナンシャルグループ,東証プライム,銀行業,銀行
7414.T,小野建,東証プライム,卸売業,商社・卸売
7419.T,ノジマ,東証プライム,小売業,小売
7420.T,佐鳥電機,東証プライム,卸売業,商社・卸売
7421.T,カッパ・クリエイト,東証プライム,小売業,小売
7433.T,伯東,東証プライム,卸売業,商社・卸売
7438.T,コンドーテック,東証プライム,卸売業,商社・卸売
7447.T,ナガイレーベン,東証プライム,卸売業,商社・卸売
7453.T,良品計画,東証プライム,小売業,小売
7456.T,松田産業,東証プライム,卸売業,商社・卸売
7458.T,第一興商,東証プライム,卸売業,商社・卸売
7459.T,メディパルホールディングス,東証プライム,卸売業,商社・卸売
7466.T,ＳＰＫ,東証プライム,卸売業,商社・卸売
7467.T,萩原電気ホールディングス,東証プライム,卸売業,商社・卸売
7475.T,アルビス,東証プライム,小売業,小売
7476.T,アズワン,東証プライム,卸売業,商社・卸売
7482.T,シモジマ,東証プライム,卸売業,商社・卸売
7483.T,ドウシシャ,東証プライム,卸売業,商社・卸売
7504.T,高速,東証プライム,卸売業,商社・卸売
7508.T,Ｇ‐７ホールディングス,東証プライム,小売業,小売
7510.T,たけびし,東証プライム,卸売業,商社・卸売
7513.T,コジマ,東証プライム,小売業,小売
7516.T,コーナン商事,東証プライム,小売業,小売
7520.T,エコス,東証プライム,小売業,小売
7522.T,ワタミ,東証プライム,小売業,小売
7525.T,リックス,東証プライム,卸売業,商社・卸売
7532.T,パン・パシフィック・インターナショナルホールディングス,東証プライム,小売業,小売
7537.T,丸文,東証プライム,卸売業,商社・卸売
7545.T,西松屋チェーン,東証プライム,小売業,小売
7550.T,ゼンショーホールディングス,東証プライム,小売業,小売
75505.T,ゼンショーホールディングス第１回社債型種類株式,東証プライム,小売業,小売
7552.T,ハピネット,東証プライム,卸売業,商社・卸売
7554.T,幸楽苑,東証プライム,小売業,小売
7575.T,日本ライフライン,東証プライム,卸売業,商社・卸売
7581.T,サイゼリヤ,東証プライム,小売業,小売
7593.T,ＶＴホールディングス,東証プライム,小売業,小売
7595.T,アルゴグラフィックス,東証プライム,情報・通信業,情報通信・サービスその他
7596.T,魚力,東証プライム,小売業,小売
7599.T,ＩＤＯＭ,東証プライム,卸売業,商社・卸売
7600.T,日本エム・ディ・エム,東証プライム,精密機器,電機・精密
7606.T,ユナイテッドアローズ,東証プライム,小売業,小売
7607.T,進和,東証プライム,卸売業,商社・卸売
7609.T,ダイトロン,東証プライム,卸売業,商社・卸売
7611.T,ハイデイ日高,東証プライム,小売業,小売
7613.T,シークス,東証プライム,卸売業,商社・卸売
7616.T,コロワイド,東証プライム,小売業,小売
7628.T,オーハシテクニカ,東証プライム,卸売業,商社・卸売
7630.T,壱番屋,東証プライム,小売業,小売
7637.T,白銅,東証プライム,卸売業,商社・卸売
7649.T,スギホールディングス,東証プライム,小売業,小売
7679.T,薬王堂ホールディングス,東証プライム,小売業,小売
7683.T,ダブルエー,東証プライム,小売業,小売
7701.T,島津製作所,東証プライム,精密機器,電機・精密
7715.T,長野計器,東証プライム,精密機器,電機・精密
7717.T,ブイ・テクノロジー,東証プライム,精密機器,電機・精密
7718.T,スター精密,東証プライム,機械,機械
7721.T,東京計器,東証プライム,精密機器,電機・精密
7723.T,愛知時計電機,東証プライム,精密機器,電機・精密
7725.T,インターアクション,東証プライム,精密機器,電機・精密
7729.T,東京精密,東証プライム,精密機器,電機・精密
7730.T,マニー,東証プライム,精密機器,電機・精密
7731.T,ニコン,東証プライム,精密機器,電機・精密
7732.T,トプコン,東証プライム,精密機器,電機・精密
7733.T,オリンパス,東証プライム,精密機器,電機・精密
7734.T,理研計器,東証プライム,精密機器,電機・精密
7735.T,ＳＣＲＥＥＮホールディングス,東証プライム,電気機器,電機・精密
7739.T,キヤノン電子,東証プライム,電気機器,電機・精密
7740.T,タムロン,東証プライム,精密機器,電機・精密
7741.T,ＨＯＹＡ,東証プライム,精密機器,電機・精密
7743.T,シード,東証プライム,精密機器,電機・精密
7744.T,ノーリツ鋼機,東証プライム,精密機器,電機・精密
7745.T,Ａ＆Ｄホロンホールディングス,東証プライム,精密機器,電機・精密
7747.T,朝日インテック,東証プライム,精密機器,電機・精密
7751.T,キヤノン,東証プライム,電気機器,電機・精密
7752.T,リコー,東証プライム,電気機器,電機・精密
7762.T,シチズン時計,東証プライム,精密機器,電機・精密
7769.T,リズム,東証プライム,精密機器,電機・精密
7780.T,メニコン,東証プライム,精密機器,電機・精密
7817.T,パラマウントベッドホールディングス,東証プライム,その他製品,情報通信・サービスその他
7818.T,トランザクション,東証プライム,その他製品,情報通信・サービスその他
7820.T,ニホンフラッシュ,東証プライム,その他製品,情報通信・サービスその他
7821.T,前田工繊,東証プライム,その他製品,情報通信・サービスその他
7826.T,フルヤ金属,東証プライム,その他製品,情報通信・サービスその他
7832.T,バンダイナムコホールディングス,東証プライム,その他製品,情報通信・サービスその他
7839.T,ＳＨＯＥＩ,東証プライム,その他製品,情報通信・サービスその他
7840.T,フランスベッドホールディングス,東証プライム,その他製品,情報通信・サービスその他
7844.T,マーベラス,東証プライム,情報・通信業,情報通信・サービスその他
7846.T,パイロットコーポレーション,東証プライム,その他製品,情報通信・サービスその他
7856.T,萩原工業,東証プライム,その他製品,情報通信・サービスその他
7860.T,エイベックス,東証プライム,情報・通信業,情報通信・サービスその他
7864.T,フジシールインターナショナル,東証プライム,その他製品,情報通信・サービスその他
7867.T,タカラトミー,東証プライム,その他製品,情報通信・サービスその他
7868.T,広済堂ホールディングス,東証プライム,その他製品,情報通信・サービスその他
7874.T,レック,東証プライム,化学,素材・化学
7888.T,三光合成,東証プライム,化学,素材・化学
7893.T,プロネクサス,東証プライム,その他製品,情報通信・サービスその他
7911.T,ＴＯＰＰＡＮホールディングス,東証プライム,その他製品,情報通信・サービスその他
7912.T,大日本印刷,東証プライム,その他製品,情報通信・サービスその他
7914.T,共同印刷,東証プライム,その他製品,情報通信・サービスその他
7915.T,ＮＩＳＳＨＡ,東証プライム,その他製品,情報通信・サービスその他
7917.T,ＺＡＣＲＯＳ,東証プライム,化学,素材・化学
7921.T,ＴＡＫＡＲＡ　＆　ＣＯＭＰＡＮＹ,東証プライム,その他製品,情報通信・サービスその他
7925.T,前澤化成工業,東証プライム,化学,素材・化学
7931.T,未来工業,東証プライム,化学,素材・化学
7936.T,アシックス,東証プライム,その他製品,情報通信・サービスその他
7942.T,ＪＳＰ,東証プライム,化学,素材・化学
7943.T,ニチハ,東証プライム,ガラス・土石製品,建設・資材
7944.T,ローランド,東証プライム,その他製品,情報通信・サービスその他
7947.T,エフピコ,東証プライム,化学,素材・化学
7949.T,小松ウオール工業,東証プライム,その他製品,情報通信・サービスその他
7951.T,ヤマハ,東証プライム,その他製品,情報通信・サービスその他
7952.T,河合楽器製作所,東証プライム,その他製品,情報通信・サービスその他
7955.T,クリナップ,東証プライム,その他製品,情報通信・サービスその他
7956.T,ピジョン,東証プライム,その他製品,情報通信・サービスその他
7962.T,キングジム,東証プライム,その他製品,情報通信・サービスその他
7965.T,象印マホービン,東証プライム,電気機器,電機・精密
7966.T,リンテック,東証プライム,その他製品,情報通信・サービスその他
7970.T,信越ポリマー,東証プライム,化学,素材・化学
7972.T,イトーキ,東証プライム,その他製品,情報通信・サービスその他
7974.T,任天堂,東証プライム,その他製品,情報通信・サービスその他
7976.T,三菱鉛筆,東証プライム,その他製品,情報通信・サービスその他
7979.T,松風,東証プライム,精密機器,電機・精密
7981.T,タカラスタンダード,東証プライム,その他製品,情報通信・サービスその他
7984.T,コクヨ,東証プライム,その他製品,情報通信・サービスその他
7988.T,ニフコ,東証プライム,化学,素材・化学
7989.T,立川ブラインド工業,東証プライム,金属製品,建設・資材
7990.T,グローブライド,東証プライム,その他製品,情報通信・サービスその他
7994.T,オカムラ,東証プライム,その他製品,情報通信・サービスその他
7995.T,バルカー,東証プライム,化学,素材・化学
8001.T,伊藤忠商事,東証プライム,卸売業,商社・卸売
8002.T,丸紅,東証プライム,卸売業,商社・卸売
8005.T,スクロール,東証プライム,小売業,小売
8007.T,高島,東証プライム,卸売業,商社・卸売
8008.T,ヨンドシーホールディングス,東証プライム,小売業,小売
8011.T,三陽商会,東証プライム,繊維製品,素材・化学
8012.T,長瀬産業,東証プライム,卸売業,商社・卸売
8014.T,蝶理,東証プライム,卸売業,商社・卸売
8015.T,豊田通商,東証プライム,卸売業,商社・卸売
8016.T,オンワードホールディングス,東証プライム,繊維製品,素材・化学
8020.T,兼松,東証プライム,卸売業,商社・卸売
8022.T,美津濃,東証プライム,その他製品,情報通信・サービスその他
8031.T,三井物産,東証プライム,卸売業,商社・卸売
8032.T,日本紙パルプ商事,東証プライム,卸売業,商社・卸売
8035.T,東京エレクトロン,東証プライム,電気機器,電機・精密
8037.T,カメイ,東証プライム,卸売業,商社・卸売
8043.T,スターゼン,東証プライム,卸売業,商社・卸売
8050.T,セイコーグループ,東証プライム,精密機器,電機・精密
8051.T,山善,東証プライム,卸売業,商社・卸売
8052.T,椿本興業,東証プライム,卸売業,商社・卸売
8053.T,住友商事,東証プライム,卸売業,商社・卸売
8056.T,ＢＩＰＲＯＧＹ,東証プライム,情報・通信業,情報通信・サービスその他
8057.T,内田洋行,東証プライム,卸売業,商社・卸売
8058.T,三菱商事,東証プライム,卸売業,商社・卸売
8059.T,第一実業,東証プライム,卸売業,商社・卸売
8060.T,キヤノンマーケティングジャパン,東証プライム,卸売業,商社・卸売
8061.T,西華産業,東証プライム,卸売業,商社・卸売
8065.T,佐藤商事,東証プライム,卸売業,商社・卸売
8070.T,東京産業,東証プライム,卸売業,商社・卸売
8074.T,ユアサ商事,東証プライム,卸売業,商社・卸売
8075.T,神鋼商事,東証プライム,卸売業,商社・卸売
8078.T,阪和興業,東証プライム,卸売業,商社・卸売
8079.T,正栄食品工業,東証プライム,卸売業,商社・卸売
8081.T,カナデン,東証プライム,卸売業,商社・卸売
8084.T,ＲＹＯＤＥＮ,東証プライム,卸売業,商社・卸売
8086.T,ニプロ,東証プライム,精密機器,電機・精密
8088.T,岩谷産業,東証プライム,卸売業,商社・卸売
8091.T,ニチモウ,東証プライム,卸売業,商社・卸売
8093.T,極東貿易,東証プライム,卸売業,商社・卸売
8095.T,アステナホールディングス,東証プライム,卸売業,商社・卸売
8097.T,三愛オブリ,東証プライム,卸売業,商社・卸売
8098.T,稲畑産業,東証プライム,卸売業,商社・卸売
8101.T,ＧＳＩクレオス,東証プライム,卸売業,商社・卸売
8103.T,明和産業,東証プライム,卸売業,商社・卸売
8111.T,ゴールドウイン,東証プライム,繊維製品,素材・化学
8113.T,ユニ・チャーム,東証プライム,化学,素材・化学
8125.T,ワキタ,東証プライム,卸売業,商社・卸売
8129.T,東邦ホールディングス,東証プライム,卸売業,商社・卸売
8130.T,サンゲツ,東証プライム,卸売業,商社・卸売
8132.T,シナネンホールディングス,東証プライム,卸売業,商社・卸売
8133.T,伊藤忠エネクス,東証プライム,卸売業,商社・卸売
8136.T,サンリオ,東証プライム,卸売業,商社・卸売
8137.T,サンワテクノス,東証プライム,卸売業,商社・卸売
8141.T,新光商事,東証プライム,卸売業,商社・卸売
8142.T,トーホー,東証プライム,卸売業,商社・卸売
8150.T,三信電気,東証プライム,卸売業,商社・卸売
8151.T,東陽テクニカ,東証プライム,卸売業,商社・卸売
8153.T,モスフードサービス,東証プライム,卸売業,商社・卸売
8154.T,加賀電子,東証プライム,卸売業,商社・卸売
8157.T,都築電気,東証プライム,情報・通信業,情報通信・サービスその他
8158.T,ソーダニッカ,東証プライム,卸売業,商社・卸売
8159.T,立花エレテック,東証プライム,卸売業,商社・卸売
8160.T,木曽路,東証プライム,小売業,小売
8163.T,ＳＲＳホールディングス,東証プライム,小売業,小売
8167.T,リテールパートナーズ,東証プライム,小売業,小売
8173.T,上新電機,東証プライム,小売業,小売
8174.T,日本瓦斯,東証プライム,小売業,小売
8179.T,ロイヤルホールディングス,東証プライム,小売業,小売
8185.T,チヨダ,東証プライム,小売業,小売
8194.T,ライフコーポレーション,東証プライム,小売業,小売
8200.T,リンガーハット,東証プライム,小売業,小売
8203.T,ＭｒＭａｘＨＤ,東証プライム,小売業,小売
8214.T,ＡＯＫＩホールディングス,東証プライム,小売業,小売
8217.T,オークワ,東証プライム,小売業,小売
8218.T,コメリ,東証プライム,小売業,小売
8219.T,青山商事,東証プライム,小売業,小売
8227.T,しまむら,東証プライム,小売業,小売
8233.T,高島屋,東証プライム,小売業,小売
8237.T,松屋,東証プライム,小売業,小売
8242.T,エイチ・ツー・オー　リテイリング,東証プライム,小売業,小売
8252.T,丸井グループ,東証プライム,小売業,小売
8253.T,クレディセゾン,東証プライム,その他金融業,金融（除く銀行）
8255.T,アクシアル　リテイリング,東証プライム,小売業,小売
8267.T,イオン,東証プライム,小売業,小売
8273.T,イズミ,東証プライム,小売業,小売
8276.T,平和堂,東証プライム,小売業,小売
8278.T,フジ,東証プライム,小売業,小売
8281.T,ゼビオホールディングス,東証プライム,小売業,小売
8282.T,ケーズホールディングス,東証プライム,小売業,小売
8283.T,ＰＡＬＴＡＣ,東証プライム,卸売業,商社・卸売
8304.T,あおぞら銀行,東証プライム,銀行業,銀行
8306.T,三菱ＵＦＪフィナンシャル・グループ,東証プライム,銀行業,銀行
8308.T,りそなホールディングス,東証プライム,銀行業,銀行
8309.T,三井住友トラストグループ,東証プライム,銀行業,銀行
8316.T,三井住友フィナンシャルグループ,東証プライム,銀行業,銀行
8331.T,千葉銀行,東証プライム,銀行業,銀行
8334.T,群馬銀行,東証プライム,銀行業,銀行
8336.T,武蔵野銀行,東証プライム,銀行業,銀行
8337.T,千葉興業銀行,東証プライム,銀行業,銀行
8338.T,筑波銀行,東証プライム,銀行業,銀行
8341.T,七十七銀行,東証プライム,銀行業,銀行
8343.T,秋田銀行,東証プライム,銀行業,銀行
8344.T,山形銀行,東証プライム,銀行業,銀行
8345.T,岩手銀行,東証プライム,銀行業,銀行
8346.T,東邦銀行,東証プライム,銀行業,銀行
8354.T,ふくおかフィナンシャルグループ,東証プライム,銀行業,銀行
8358.T,スルガ銀行,東証プライム,銀行業,銀行
8359.T,八十二銀行,東証プライム,銀行業,銀行
8360.T,山梨中央銀行,東証プライム,銀行業,銀行
8361.T,大垣共立銀行,東証プライム,銀行業,銀行
8362.T,福井銀行,東証プライム,銀行業,銀行
8364.T,清水銀行,東証プライム,銀行業,銀行
8366.T,滋賀銀行,東証プライム,銀行業,銀行
8367.T,南都銀行,東証プライム,銀行業,銀行
8368.T,百五銀行,東証プライム,銀行業,銀行
8370.T,紀陽銀行,東証プライム,銀行業,銀行
8377.T,ほくほくフィナンシャルグループ,東証プライム,銀行業,銀行
8381.T,山陰合同銀行,東証プライム,銀行業,銀行
8386.T,百十四銀行,東証プライム,銀行業,銀行
8387.T,四国銀行,東証プライム,銀行業,銀行
8388.T,阿波銀行,東証プライム,銀行業,銀行
8392.T,大分銀行,東証プライム,銀行業,銀行
8393.T,宮崎銀行,東証プライム,銀行業,銀行
8395.T,佐賀銀行,東証プライム,銀行業,銀行
8399.T,琉球銀行,東証プライム,銀行業,銀行
8410.T,セブン銀行,東証プライム,銀行業,銀行
8411.T,みずほフィナンシャルグループ,東証プライム,銀行業,銀行
8418.T,山口フィナンシャルグループ,東証プライム,銀行業,銀行
8424.T,芙蓉総合リース,東証プライム,その他金融業,金融（除く銀行）
8425.T,みずほリース,東証プライム,その他金融業,金融（除く銀行）
8439.T,東京センチュリー,東証プライム,その他金融業,金融（除く銀行）
8473.T,ＳＢＩホールディングス,東証プライム,証券、商品先物取引業,金融（除く銀行）
8511.T,日本証券金融,東証プライム,その他金融業,金融（除く銀行）
8515.T,アイフル,東証プライム,その他金融業,金融（除く銀行）
8522.T,名古屋銀行,東証プライム,銀行業,銀行
8524.T,北洋銀行,東証プライム,銀行業,銀行
8541.T,愛媛銀行,東証プライム,銀行業,銀行
8544.T,京葉銀行,東証プライム,銀行業,銀行
8550.T,栃木銀行,東証プライム,銀行業,銀行
8551.T,北日本銀行,東証プライム,銀行業,銀行
8558.T,東和銀行,東証プライム,銀行業,銀行
8566.T,リコーリース,東証プライム,その他金融業,金融（除く銀行）
8570.T,イオンフィナンシャルサービス,東証プライム,その他金融業,金融（除く銀行）
8584.T,ジャックス,東証プライム,その他金融業,金融（除く銀行）
8585.T,オリエントコーポレーション,東証プライム,その他金融業,金融（除く銀行）
8591.T,オリックス,東証プライム,その他金融業,金融（除く銀行）
8593.T,三菱ＨＣキャピタル,東証プライム,その他金融業,金融（除く銀行）
8595.T,ジャフコ　グループ,東証プライム,証券、商品先物取引業,金融（除く銀行）
8600.T,トモニホールディングス,東証プライム,銀行業,銀行
8601.T,大和証券グループ本社,東証プライム,証券、商品先物取引業,金融（除く銀行）
8604.T,野村ホールディングス,東証プライム,証券、商品先物取引業,金融（除く銀行）
8609.T,岡三証券グループ,東証プライム,証券、商品先物取引業,金融（除く銀行）
8613.T,丸三証券,東証プライム,証券、商品先物取引業,金融（除く銀行）
8614.T,東洋証券,東証プライム,証券、商品先物取引業,金融（除く銀行）
8616.T,東海東京フィナンシャル・ホールディングス,東証プライム,証券、商品先物取引業,金融（除く銀行）
8622.T,水戸証券,東証プライム,証券、商品先物取引業,金融（除く銀行）
8624.T,いちよし証券,東証プライム,証券、商品先物取引業,金融（除く銀行）
8628.T,松井証券,東証プライム,証券、商品先物取引業,金融（除く銀行）
8630.T,ＳＯＭＰＯホールディングス,東証プライム,保険業,金融（除く銀行）
8697.T,日本取引所グループ,東証プライム,その他金融業,金融（除く銀行）
8698.T,マネックスグループ,東証プライム,証券、商品先物取引業,金融（除く銀行）
8706.T,極東証券,東証プライム,証券、商品先物取引業,金融（除く銀行）
8707.T,岩井コスモホールディングス,東証プライム,証券、商品先物取引業,金融（除く銀行）
8708.T,アイザワ証券グループ,東証プライム,証券、商品先物取引業,金融（除く銀行）
8713.T,フィデアホールディングス,東証プライム,銀行業,銀行
8714.T,池田泉州ホールディングス,東証プライム,銀行業,銀行
8715.T,アニコム　ホールディングス,東証プライム,保険業,金融（除く銀行）
8725.T,ＭＳ＆ＡＤインシュアランスグループホールディングス,東証プライム,保険業,金融（除く銀行）
8729.T,ソニーフィナンシャルグループ,東証プライム,保険業,金融（除く銀行）
8739.T,スパークス・グループ,東証プライム,証券、商品先物取引業,金融（除く銀行）
8750.T,第一生命ホールディングス,東証プライム,保険業,金融（除く銀行）
8766.T,東京海上ホールディングス,東証プライム,保険業,金融（除く銀行）
8771.T,イー・ギャランティ,東証プライム,その他金融業,金融（除く銀行）
8793.T,ＮＥＣキャピタルソリューション,東証プライム,その他金融業,金融（除く銀行）
8795.T,Ｔ＆Ｄホールディングス,東証プライム,保険業,金融（除く銀行）
8798.T,アドバンスクリエイト,東証プライム,保険業,金融（除く銀行）
8801.T,三井不動産,東証プライム,不動産業,不動産
8802.T,三菱地所,東証プライム,不動産業,不動産
8803.T,平和不動産,東証プライム,不動産業,不動産
8804.T,東京建物,東証プライム,不動産業,不動産
8818.T,京阪神ビルディング,東証プライム,不動産業,不動産
8830.T,住友不動産,東証プライム,不動産業,不動産
8848.T,レオパレス２１,東証プライム,不動産業,不動産
8850.T,スターツコーポレーション,東証プライム,不動産業,不動産
8860.T,フジ住宅,東証プライム,不動産業,不動産
8864.T,空港施設,東証プライム,不動産業,不動産
8876.T,リログループ,東証プライム,サービス業,情報通信・サービスその他
8877.T,エスリード,東証プライム,不動産業,不動産
8881.T,日神グループホールディングス,東証プライム,不動産業,不動産
8892.T,エスコン,東証プライム,不動産業,不動産
8897.T,ＭＩＲＡＲＴＨホールディングス,東証プライム,不動産業,不動産
8919.T,カチタス,東証プライム,不動産業,不動産
8923.T,トーセイ,東証プライム,不動産業,不動産
8934.T,サンフロンティア不動産,東証プライム,不動産業,不動産
8935.T,ＦＪネクストホールディングス,東証プライム,不動産業,不動産
8999.T,グランディハウス,東証プライム,不動産業,不動産
9001.T,東武鉄道,東証プライム,陸運業,運輸・物流
9003.T,相鉄ホールディングス,東証プライム,陸運業,運輸・物流
9005.T,東急,東証プライム,陸運業,運輸・物流
9006.T,京浜急行電鉄,東証プライム,陸運業,運輸・物流
9007.T,小田急電鉄,東証プライム,陸運業,運輸・物流
9008.T,京王電鉄,東証プライム,陸運業,運輸・物流
9009.T,京成電鉄,東証プライム,陸運業,運輸・物流
9010.T,富士急行,東証プライム,陸運業,運輸・物流
9020.T,東日本旅客鉄道,東証プライム,陸運業,運輸・物流
9021.T,西日本旅客鉄道,東証プライム,陸運業,運輸・物流
9022.T,東海旅客鉄道,東証プライム,陸運業,運輸・物流
9023.T,東京地下鉄,東証プライム,陸運業,運輸・物流
9024.T,西武ホールディングス,東証プライム,陸運業,運輸・物流
9025.T,鴻池運輸,東証プライム,陸運業,運輸・物流
9031.T,西日本鉄道,東証プライム,陸運業,運輸・物流
9037.T,ハマキョウレックス,東証プライム,陸運業,運輸・物流
9039.T,サカイ引越センター,東証プライム,陸運業,運輸・物流
9041.T,近鉄グループホールディングス,東証プライム,陸運業,運輸・物流
9042.T,阪急阪神ホールディングス,東証プライム,陸運業,運輸・物流
9044.T,南海電気鉄道,東証プライム,陸運業,運輸・物流
9045.T,京阪ホールディングス,東証プライム,陸運業,運輸・物流
9046.T,神戸電鉄,東証プライム,陸運業,運輸・物流
9048.T,名古屋鉄道,東証プライム,陸運業,運輸・物流
9052.T,山陽電気鉄道,東証プライム,陸運業,運輸・物流
9064.T,ヤマトホールディングス,東証プライム,陸運業,運輸・物流
9065.T,山九,東証プライム,陸運業,運輸・物流
9068.T,丸全昭和運輸,東証プライム,陸運業,運輸・物流
9069.T,センコーグループホールディングス,東証プライム,陸運業,運輸・物流
9072.T,ニッコンホールディングス,東証プライム,陸運業,運輸・物流
9075.T,福山通運,東証プライム,陸運業,運輸・物流
9076.T,セイノーホールディングス,東証プライム,陸運業,運輸・物流
9081.T,神奈川中央交通,東証プライム,陸運業,運輸・物流
9090.T,ＡＺ－ＣＯＭ丸和ホールディングス,東証プライム,陸運業,運輸・物流
9101.T,日本郵船,東証プライム,海運業,運輸・物流
9104.T,商船三井,東証プライム,海運業,運輸・物流
9107.T,川崎汽船,東証プライム,海運業,運輸・物流
9110.T,ＮＳユナイテッド海運,東証プライム,海運業,運輸・物流
9119.T,飯野海運,東証プライム,海運業,運輸・物流
9142.T,九州旅客鉄道,東証プライム,陸運業,運輸・物流
9143.T,ＳＧホールディングス,東証プライム,陸運業,運輸・物流
9147.T,ＮＩＰＰＯＮ　ＥＸＰＲＥＳＳホールディングス,東証プライム,陸運業,運輸・物流
9201.T,日本航空,東証プライム,空運業,運輸・物流
9202.T,ＡＮＡホールディングス,東証プライム,空運業,運輸・物流
9216.T,ビーウィズ,東証プライム,サービス業,情報通信・サービスその他
9229.T,サンウェルズ,東証プライム,サービス業,情報通信・サービスその他
9247.T,ＴＲＥホールディングス,東証プライム,サービス業,情報通信・サービスその他
9267.T,Ｇｅｎｋｙ　ＤｒｕｇＳｔｏｒｅｓ,東証プライム,小売業,小売
9273.T,コーア商事ホールディングス,東証プライム,卸売業,商社・卸売
9274.T,ＫＰＰグループホールディングス,東証プライム,卸売業,商社・卸売
9278.T,ブックオフグループホールディングス,東証プライム,小売業,小売
9279.T,ギフトホールディングス,東証プライム,小売業,小売
9301.T,三菱倉庫,東証プライム,倉庫・運輸関連業,運輸・物流
9302.T,三井倉庫ホールディングス,東証プライム,倉庫・運輸関連業,運輸・物流
9303.T,住友倉庫,東証プライム,倉庫・運輸関連業,運輸・物流
9304.T,澁澤倉庫,東証プライム,倉庫・運輸関連業,運輸・物流
9305.T,ヤマタネ,東証プライム,卸売業,商社・卸売
9310.T,日本トランスシティ,東証プライム,倉庫・運輸関連業,運輸・物流
9319.T,中央倉庫,東証プライム,倉庫・運輸関連業,運輸・物流
9324.T,安田倉庫,東証プライム,倉庫・運輸関連業,運輸・物流
9332.T,ＮＩＳＳＯホールディングス,東証プライム,サービス業,情報通信・サービスその他
9336.T,大栄環境,東証プライム,サービス業,情報通信・サービスその他
9341.T,ＧＥＮＯＶＡ,東証プライム,サービス業,情報通信・サービスその他
9347.T,日本管財ホールディングス,東証プライム,サービス業,情報通信・サービスその他
9364.T,上組,東証プライム,倉庫・運輸関連業,運輸・物流
9381.T,エーアイテイー,東証プライム,倉庫・運輸関連業,運輸・物流
9386.T,日本コンセプト,東証プライム,倉庫・運輸関連業,運輸・物流
9401.T,ＴＢＳホールディングス,東証プライム,情報・通信業,情報通信・サービスその他
9404.T,日本テレビホールディングス,東証プライム,情報・通信業,情報通信・サービスその他
9405.T,朝日放送グループホールディングス,東証プライム,情報・通信業,情報通信・サービスその他
9409.T,テレビ朝日ホールディングス,東証プライム,情報・通信業,情報通信・サービスその他
9412.T,スカパーＪＳＡＴホールディングス,東証プライム,情報・通信業,情報通信・サービスその他
9413.T,テレビ東京ホールディングス,東証プライム,情報・通信業,情報通信・サービスその他
9416.T,ビジョン,東証プライム,情報・通信業,情報通信・サービスその他
9418.T,Ｕ－ＮＥＸＴ　ＨＯＬＤＩＮＧＳ,東証プライム,情報・通信業,情報通信・サービスその他
9424.T,日本通信,東証プライム,情報・通信業,情報通信・サービスその他
9432.T,ＮＴＴ,東証プライム,情報・通信業,情報通信・サービスその他
9433.T,ＫＤＤＩ,東証プライム,情報・通信業,情報通信・サービスその他
9434.T,ソフトバンク,東証プライム,情報・通信業,情報通信・サービスその他
94345.T,ソフトバンク第１回社債型種類株式,東証プライム,情報・通信業,情報通信・サービスその他
94346.T,ソフトバンク第２回社債型種類株式,東証プライム,情報・通信業,情報通信・サービスその他
9435.T,光通信,東証プライム,情報・通信業,情報通信・サービスその他
9438.T,エムティーアイ,東証プライム,情報・通信業,情報通信・サービスその他
9449.T,ＧＭＯインターネットグループ,東証プライム,情報・通信業,情報通信・サービスその他
9468.T,ＫＡＤＯＫＡＷＡ,東証プライム,情報・通信業,情報通信・サービスその他
9470.T,学研ホールディングス,東証プライム,情報・通信業,情報通信・サービスその他
9474.T,ゼンリン,東証プライム,情報・通信業,情報通信・サービスその他
9501.T,東京電力ホールディングス,東証プライム,電気・ガス業,電力・ガス
9502.T,中部電力,東証プライム,電気・ガス業,電力・ガス
9503.T,関西電力,東証プライム,電気・ガス業,電力・ガス
9504.T,中国電力,東証プライム,電気・ガス業,電力・ガス
9505.T,北陸電力,東証プライム,電気・ガス業,電力・ガス
9506.T,東北電力,東証プライム,電気・ガス業,電力・ガス
9507.T,四国電力,東証プライム,電気・ガス業,電力・ガス
9508.T,九州電力,東証プライム,電気・ガス業,電力・ガス
9509.T,北海道電力,東証プライム,電気・ガス業,電力・ガス
9511.T,沖縄電力,東証プライム,電気・ガス業,電力・ガス
9513.T,電源開発,東証プライム,電気・ガス業,電力・ガス
9517.T,イーレックス,東証プライム,電気・ガス業,電力・ガス
9519.T,レノバ,東証プライム,電気・ガス業,電力・ガス
9531.T,東京瓦斯,東証プライム,電気・ガス業,電力・ガス
9532.T,大阪瓦斯,東証プライム,電気・ガス業,電力・ガス
9533.T,東邦瓦斯,東証プライム,電気・ガス業,電力・ガス
9534.T,北海道瓦斯,東証プライム,電気・ガス業,電力・ガス
9535.T,広島ガス,東証プライム,電気・ガス業,電力・ガス
9536.T,西部ガスホールディングス,東証プライム,電気・ガス業,電力・ガス
9543.T,静岡ガス,東証プライム,電気・ガス業,電力・ガス
9551.T,メタウォーター,東証プライム,電気・ガス業,電力・ガス
9552.T,Ｍ＆Ａ総研ホールディングス,東証プライム,サービス業,情報通信・サービスその他
9600.T,アイネット,東証プライム,情報・通信業,情報通信・サービスその他
9601.T,松竹,東証プライム,情報・通信業,情報通信・サービスその他
9602.T,東宝,東証プライム,情報・通信業,情報通信・サービスその他
9603.T,エイチ・アイ・エス,東証プライム,サービス業,情報通信・サービスその他
9605.T,東映,東証プライム,情報・通信業,情報通信・サービスその他
9612.T,ラックランド,東証プライム,サービス業,情報通信・サービスその他
9616.T,共立メンテナンス,東証プライム,サービス業,情報通信・サービスその他
9619.T,イチネンホールディングス,東証プライム,サービス業,情報通信・サービスその他
9621.T,建設技術研究所,東証プライム,サービス業,情報通信・サービスその他
9622.T,スペース,東証プライム,サービス業,情報通信・サービスその他
9627.T,アインホールディングス,東証プライム,小売業,小売
9628.T,燦ホールディングス,東証プライム,サービス業,情報通信・サービスその他
9629.T,ピー・シー・エー,東証プライム,情報・通信業,情報通信・サービスその他
9644.T,タナベコンサルティンググループ,東証プライム,サービス業,情報通信・サービスその他
9658.T,ビジネスブレイン太田昭和,東証プライム,情報・通信業,情報通信・サービスその他
9663.T,ナガワ,東証プライム,サービス業,情報通信・サービスその他
9672.T,東京都競馬,東証プライム,サービス業,情報通信・サービスその他
9678.T,カナモト,東証プライム,サービス業,情報通信・サービスその他
9682.T,ＤＴＳ,東証プライム,情報・通信業,情報通信・サービスその他
9684.T,スクウェア・エニックス・ホールディングス,東証プライム,情報・通信業,情報通信・サービスその他
9692.T,シーイーシー,東証プライム,情報・通信業,情報通信・サービスその他
9697.T,カプコン,東証プライム,情報・通信業,情報通信・サービスその他
9699.T,ニシオホールディングス,東証プライム,サービス業,情報通信・サービスその他
9702.T,アイ・エス・ビー,東証プライム,情報・通信業,情報通信・サービスその他
9706.T,日本空港ビルデング,東証プライム,不動産業,不動産
9715.T,トランス・コスモス,東証プライム,サービス業,情報通信・サービスその他
9716.T,乃村工藝社,東証プライム,サービス業,情報通信・サービスその他
9719.T,ＳＣＳＫ,東証プライム,情報・通信業,情報通信・サービスその他
9722.T,藤田観光,東証プライム,サービス業,情報通信・サービスその他
9729.T,トーカイ,東証プライム,サービス業,情報通信・サービスその他
9735.T,セコム,東証プライム,サービス業,情報通信・サービスその他
9739.T,ＮＳＷ,東証プライム,情報・通信業,情報通信・サービスその他
9740.T,セントラル警備保障,東証プライム,サービス業,情報通信・サービスその他
9742.T,アイネス,東証プライム,情報・通信業,情報通信・サービスその他
9743.T,丹青社,東証プライム,サービス業,情報通信・サービスその他
9744.T,メイテックグループホールディングス,東証プライム,サービス業,情報通信・サービスその他
9746.T,ＴＫＣ,東証プライム,情報・通信業,情報通信・サービスその他
9755.T,応用地質,東証プライム,サービス業,情報通信・サービスその他
9757.T,船井総研ホールディングス,東証プライム,サービス業,情報通信・サービスその他
9759.T,ＮＳＤ,東証プライム,情報・通信業,情報通信・サービスその他
9765.T,オオバ,東証プライム,サービス業,情報通信・サービスその他
9766.T,コナミグループ,東証プライム,情報・通信業,情報通信・サービスその他
9769.T,学究社,東証プライム,サービス業,情報通信・サービスその他
9788.T,ナック,東証プライム,サービス業,情報通信・サービスその他
9790.T,福井コンピュータホールディングス,東証プライム,情報・通信業,情報通信・サービスその他
9793.T,ダイセキ,東証プライム,サービス業,情報通信・サービスその他
9795.T,ステップ,東証プライム,サービス業,情報通信・サービスその他
9824.T,泉州電業,東証プライム,卸売業,商社・卸売
9830.T,トラスコ中山,東証プライム,卸売業,商社・卸売
9831.T,ヤマダホールディングス,東証プライム,小売業,小売
9832.T,オートバックスセブン,東証プライム,卸売業,商社・卸売
9837.T,モリト,東証プライム,卸売業,商社・卸売
9842.T,アークランズ,東証プライム,小売業,小売
9843.T,ニトリホールディングス,東証プライム,小売業,小売
9850.T,グルメ杵屋,東証プライム,小売業,小売
9861.T,吉野家ホールディングス,東証プライム,小売業,小売
9869.T,加藤産業,東証プライム,卸売業,商社・卸売
9880.T,イノテック,東証プライム,電気機器,電機・精密
9882.T,イエローハット,東証プライム,卸売業,商社・卸売
9887.T,松屋フーズホールディングス,東証プライム,小売業,小売
9889.T,ＪＢＣＣホールディングス,東証プライム,情報・通信業,情報通信・サービスその他
9900.T,サガミホールディングス,東証プライム,小売業,小売
9902.T,日伝,東証プライム,卸売業,商社・卸売
9928.T,ミロク情報サービス,東証プライム,情報・通信業,情報通信・サービスその他
9932.T,杉本商事,東証プライム,卸売業,商社・卸売
9934.T,因幡電機産業,東証プライム,卸売業,商社・卸売
9936.T,王将フードサービス,東証プライム,小売業,小売
9946.T,ミニストップ,東証プライム,小売業,小売
9948.T,アークス,東証プライム,小売業,小売
9956.T,バローホールディングス,東証プライム,小売業,小売
9960.T,東テク,東証プライム,卸売業,商社・卸売
9962.T,ミスミグループ本社,東証プライム,卸売業,商社・卸売
9974.T,ベルク,東証プライム,小売業,小売
9983.T,ファーストリテイリング,東証プライム,小売業,小売
9984.T,ソフトバンクグループ,東証プライム,情報・通信業,情報通信・サービスその他
9987.T,スズケン,東証プライム,卸売業,商社・卸売
9989.T,サンドラッグ,東証プライム,小売業,小売
9990.T,サックスバー　ホールディングス,東証プライム,小売業,小売
9991.T,ジェコス,東証プライム,卸売業,商社・卸売
9997.T,ベルーナ,東証プライム,小売業,小売
